-- phpMyAdmin SQL Dump
-- version 4.0.9
-- http://www.phpmyadmin.net
--
-- Host: 127.0.0.1
-- Generation Time: Oct 09, 2017 at 10:13 AM
-- Server version: 5.5.34
-- PHP Version: 5.4.22

SET SQL_MODE = "NO_AUTO_VALUE_ON_ZERO";
SET time_zone = "+00:00";


/*!40101 SET @OLD_CHARACTER_SET_CLIENT=@@CHARACTER_SET_CLIENT */;
/*!40101 SET @OLD_CHARACTER_SET_RESULTS=@@CHARACTER_SET_RESULTS */;
/*!40101 SET @OLD_COLLATION_CONNECTION=@@COLLATION_CONNECTION */;
/*!40101 SET NAMES utf8 */;

--
-- Database: `attendance`
--

-- --------------------------------------------------------

--
-- Table structure for table `cod1`
--

CREATE TABLE IF NOT EXISTS `cod1` (
  `code` varchar(20) NOT NULL,
  `status` varchar(20) NOT NULL
) ENGINE=InnoDB DEFAULT CHARSET=latin1;

--
-- Dumping data for table `cod1`
--

INSERT INTO `cod1` (`code`, `status`) VALUES
('BC-BB6HTC', ''),
('BC-BCZVYG', ''),
('BC-BDC2KF', ''),
('BC-BFF3N8', ''),
('BC-BFS3PP', ''),
('BC-BG3LB7', ''),
('BC-BJCT3G', ''),
('BC-BKV5Z2', ''),
('BC-BL5YSN', ''),
('BC-BM7JDR', ''),
('BC-BNGXH3', ''),
('BC-BNWQPQ', ''),
('BC-BPGNSX', ''),
('BC-BPVSRC', ''),
('BC-BQ88H2', ''),
('BC-BSCXM8', ''),
('BC-BSPWJQ', ''),
('BC-BSWDGJ', ''),
('BC-BS8DNC', ''),
('BC-BVHWS6', ''),
('BC-BWTV36', ''),
('BC-BW3GTT', ''),
('BC-BX7MJW', ''),
('BC-BYPR7F', ''),
('BC-BZS3RK', ''),
('BC-B2KXYT', ''),
('BC-B3ZC4W', ''),
('BC-B5F4JT', ''),
('BC-B6K8PJ', ''),
('BC-B7WGYM', ''),
('BC-B8YL2N', ''),
('BC-B9M543', ''),
('BC-CBBSFL', ''),
('BC-CBVCM7', ''),
('BC-CC72N9', ''),
('BC-CFDF74', ''),
('BC-CFSV24', ''),
('BC-CGJWLW', ''),
('BC-CG6NGC', ''),
('BC-CHNGLZ', ''),
('BC-CJW8FL', ''),
('BC-CJ5K2J', ''),
('BC-CKG6JZ', ''),
('BC-CK8BFL', ''),
('BC-CL4D4J', ''),
('BC-CMV7MJ', ''),
('BC-CNJBN8', ''),
('BC-CPJKZK', ''),
('BC-CPW86W', ''),
('BC-CRDVX5', ''),
('BC-CRMTKR', ''),
('BC-CRZYKK', ''),
('BC-CTB4NL', ''),
('BC-CT3DBZ', ''),
('BC-CVMPWS', ''),
('BC-CWFZTN', ''),
('BC-CWXS3H', ''),
('BC-CXD9TC', ''),
('BC-CX98RP', ''),
('BC-CZT3ZJ', ''),
('BC-C2QTKX', ''),
('BC-C3H7Y7', ''),
('BC-C4ST8J', ''),
('BC-C5CPC3', ''),
('BC-C5YCMT', ''),
('BC-C6WQQ6', ''),
('BC-C7BF5Q', ''),
('BC-C7KKYT', ''),
('BC-C8GZJM', ''),
('BC-C8MQGZ', ''),
('BC-C9WPK8', ''),
('BC-DBV6CV', ''),
('BC-DC5F7K', ''),
('BC-DD83XT', ''),
('BC-DFGQ2H', ''),
('BC-DGCD5P', ''),
('BC-DGLQ7B', ''),
('BC-DHX92C', ''),
('BC-DJX7MH', ''),
('BC-DKR6MV', ''),
('BC-DLG9FB', ''),
('BC-DMFJXJ', ''),
('BC-DMRVQP', ''),
('BC-DNKZHK', ''),
('BC-DPYSWS', ''),
('BC-DRGJ47', ''),
('BC-DRW6Y6', ''),
('BC-DTF5FZ', ''),
('BC-DT8NNL', ''),
('BC-DVYJYX', ''),
('BC-DWXL7V', ''),
('BC-DW3GKM', ''),
('BC-DXQ3G3', ''),
('BC-DYRRY4', ''),
('BC-DZYSZ8', ''),
('BC-D28Q3D', '1'),
('BC-D3GXV5', '1'),
('BC-D3PPZF', ''),
('BC-D3TZZ2', '1'),
('BC-D34GF7', '1'),
('BC-D4Y9ZY', '1'),
('BC-D5V3P8', ''),
('BC-D6Q7J2', '1'),
('BC-D7RYQR', '1'),
('BC-D777CC', ''),
('BC-D877WL', '1'),
('BC-D98YQT', '1'),
('BC-FB8BNN', '1'),
('BC-FCPS75', '1'),
('BC-FDZ3JB', ''),
('BC-FFB8DW', '1'),
('BC-FGL6KD', ''),
('BC-FGRNQY', '1'),
('BC-FH4TWS', '1'),
('BC-FKDGK7', '1'),
('BC-FKXBS5', '1'),
('BC-FLSFHL', '1'),
('BC-FM7X4R', ''),
('BC-FNNR4L', '1'),
('BC-FPNYCB', '1'),
('BC-FQLL64', '1'),
('BC-FRLRLM', '1'),
('BC-FS5SWP', ''),
('BC-FTLDCC', ''),
('BC-FVWJZP', ''),
('BC-FV97P4', ''),
('BC-FXC2C6', ''),
('BC-FX8LD3', ''),
('BC-FYXN9S', ''),
('BC-FZBNGX', ''),
('BC-FZPXD6', ''),
('BC-F27FCT', ''),
('BC-F4LWHV', ''),
('BC-F5RJY4', ''),
('BC-F675NX', ''),
('BC-F8R7TK', ''),
('BC-F85VJ9', ''),
('BC-F9VTQ9', ''),
('BC-F922KF', ''),
('BC-GBGZ38', ''),
('BC-GB8GG7', ''),
('BC-GC4PVX', ''),
('BC-GDG548', ''),
('BC-GDWFTP', '1'),
('BC-GFWQPM', ''),
('BC-GGKYLQ', ''),
('BC-GHXTBQ', '1'),
('BC-GH5GLD', ''),
('BC-GKMMRX', '1'),
('BC-GL39TX', ''),
('BC-GNHKVJ', ''),
('BC-GPBVCT', ''),
('BC-GQPSF3', ''),
('BC-GRV6D5', ''),
('BC-GSZ888', '1'),
('BC-GTFHR7', '1'),
('BC-GTTCBX', ''),
('BC-GV6S83', ''),
('BC-GW4F2G', '1'),
('BC-GYDKSR', ''),
('BC-GYRZFN', '1'),
('BC-GZTLFJ', ''),
('BC-G2R7QL', ''),
('BC-G27GHM', ''),
('BC-G3XTN9', ''),
('BC-G4GK45', ''),
('BC-G4VGVJ', ''),
('BC-G42KVS', '1'),
('BC-G56DXQ', '1'),
('BC-G6LB8B', '1'),
('BC-G67Q4M', ''),
('BC-G7QKF5', ''),
('BC-G8W4L4', ''),
('BC-G9FVMB', ''),
('BC-HBWB4R', ''),
('BC-HCPTN3', ''),
('BC-HC66DY', ''),
('BC-HDGMZX', ''),
('BC-HFJGKN', ''),
('BC-HFXLZQ', ''),
('BC-HGC99Q', ''),
('BC-HHMX45', ''),
('BC-HH8LYM', ''),
('BC-HJTT8Q', ''),
('BC-HK5PJG', ''),
('BC-HLNK3V', ''),
('BC-HMB9B6', '1'),
('BC-HNJ88C', ''),
('BC-HPQ6SD', '1'),
('BC-HQ95J4', ''),
('BC-HRH8LF', ''),
('BC-HR28ZN', '1'),
('BC-HR7WSL', ''),
('BC-HSV5W2', ''),
('BC-HTDW3N', '1'),
('BC-HT3HDW', '1'),
('BC-HWHH3J', ''),
('BC-HW2NM5', ''),
('BC-HX9FX3', ''),
('BC-HZDBS2', '1'),
('BC-HZPH8Q', '1'),
('BC-H2MHC6', '1'),
('BC-H36DN6', '1'),
('BC-H4QFY8', '1'),
('BC-H5YRTQ', '1'),
('BC-H6ZK4W', ''),
('BC-H7TXJH', '1'),
('BC-H797YZ', ''),
('BC-H9HQGR', '1'),
('BC-H9ZGLR', '1'),
('BC-JCCQZQ', ''),
('BC-JCRR92', '1'),
('BC-JDJK2T', '1'),
('BC-JFJLBS', ''),
('BC-JG2NJG', ''),
('BC-JHBJJD', '1'),
('BC-JHVB8K', ''),
('BC-JH9HZ7', ''),
('BC-JKRN3G', ''),
('BC-JLY2RG', ''),
('BC-JMJFRM', ''),
('BC-JNKN8J', ''),
('BC-JPV35Q', ''),
('BC-JQVJNX', ''),
('BC-JR5M98', ''),
('BC-JSM28R', ''),
('BC-JS2SWW', ''),
('BC-JTQC57', ''),
('BC-JVNX5S', ''),
('BC-JWBHZC', ''),
('BC-JWGQT4', ''),
('BC-JXKMLM', '1'),
('BC-JYVQ6D', ''),
('BC-JZ4NBD', ''),
('BC-J3BL5R', ''),
('BC-J36L7Y', ''),
('BC-J5FXPJ', ''),
('BC-J6C35T', ''),
('BC-J6TJ3L', ''),
('BC-J65BK8', ''),
('BC-J73DZ4', ''),
('BC-J9CKJ7', ''),
('BC-J9JZJT', ''),
('BC-KBT39X', '1'),
('BC-KC9KBJ', '1'),
('BC-KFMKMD', ''),
('BC-KFWWLC', ''),
('BC-KG9QGJ', ''),
('BC-KJSDVX', '1'),
('BC-KKBXXW', ''),
('BC-KKQJL8', ''),
('BC-KLDRPZ', '1'),
('BC-KLRBZK', ''),
('BC-KM724Z', '1'),
('BC-KNN9F4', '1'),
('BC-KP4C86', ''),
('BC-KQWCBZ', '1'),
('BC-KQ2624', '1'),
('BC-KQ8327', ''),
('BC-KSD83Q', ''),
('BC-KS2JCN', '1'),
('BC-KTGTW2', '1'),
('BC-KTSW23', '1'),
('BC-KVLHHJ', '1'),
('BC-KV5NVH', '1'),
('BC-KW8RDP', ''),
('BC-KX4KW6', ''),
('BC-KYZ5F3', ''),
('BC-KY92MW', ''),
('BC-K2TVG2', ''),
('BC-K29K99', ''),
('BC-K3WJMB', ''),
('BC-K328C8', ''),
('BC-K49TM9', ''),
('BC-K56LYB', ''),
('BC-K6J3SW', ''),
('BC-K6YJBZ', ''),
('BC-K7RYXF', ''),
('BC-K79LW9', '1'),
('BC-K8J4GJ', ''),
('BC-K9CZ3C', ''),
('BC-LBJ3SJ', ''),
('BC-LBWVT9', ''),
('BC-LC9K96', ''),
('BC-LFRC85', ''),
('BC-LGVCTQ', ''),
('BC-LHFLQZ', ''),
('BC-LJNCJG', ''),
('BC-LKLSRD', ''),
('BC-LKXPYN', ''),
('BC-LL6GGK', ''),
('BC-LNFDML', ''),
('BC-LPD9V5', ''),
('BC-LP6F9B', ''),
('BC-LQ8VMV', ''),
('BC-LRLLG5', ''),
('BC-LSYYXB', ''),
('BC-LS9GJL', ''),
('BC-LVLVCN', ''),
('BC-LWR5QH', ''),
('BC-LX999L', ''),
('BC-LZML6B', ''),
('BC-LZW3MW', ''),
('BC-LZ9CWM', ''),
('BC-L2ND22', ''),
('BC-L273X7', ''),
('BC-L4KJS9', ''),
('BC-L5RKTS', ''),
('BC-L6Y6M2', ''),
('BC-L8C62L', ''),
('BC-L9M6BW', ''),
('BC-MB3CY9', ''),
('BC-MCLX67', ''),
('BC-MC3LGM', ''),
('BC-MDRXWC', ''),
('BC-MF99NF', ''),
('BC-MG88C6', ''),
('BC-MHXZMT', ''),
('BC-MJY4MD', ''),
('BC-MKZ3J5', ''),
('BC-MLNM4Q', ''),
('BC-ML3DTS', ''),
('BC-MM6JP6', ''),
('BC-MPB28Y', ''),
('BC-MPNR7D', ''),
('BC-MPVJMD', ''),
('BC-MQYJJD', ''),
('BC-MRNKMY', ''),
('BC-MRSQ4T', ''),
('BC-MSWTCJ', '1'),
('BC-MS9W5L', '1'),
('BC-MVMHTS', '1'),
('BC-MWJ43N', '1'),
('BC-MXXZRY', ''),
('BC-MYNCKT', '1'),
('BC-MYVKNT', ''),
('BC-MZ5QYQ', ''),
('BC-M2HK6Y', ''),
('BC-M2R8NN', ''),
('BC-M33VB7', ''),
('BC-M4HDNM', ''),
('BC-M4R2ZC', ''),
('BC-M5TMF9', ''),
('BC-M52GV9', ''),
('BC-M66XTH', ''),
('BC-M8NGWK', ''),
('BC-M9HSZK', ''),
('BC-NBYNNL', ''),
('BC-NCWCLY', ''),
('BC-ND8NZV', ''),
('BC-NF5F9H', ''),
('BC-NGS7TW', ''),
('BC-NHBTQX', ''),
('BC-NJLXJD', ''),
('BC-NJ7Y45', ''),
('BC-NKL7P7', ''),
('BC-NLPQ28', ''),
('BC-NMLDKP', ''),
('BC-NMR66R', ''),
('BC-NNKNWN', ''),
('BC-NNY6QB', ''),
('BC-NPXW6L', ''),
('BC-NQMR8J', ''),
('BC-NRZ8NY', ''),
('BC-NS2BY9', ''),
('BC-NTL6CY', ''),
('BC-NT8C47', ''),
('BC-NWR2HQ', ''),
('BC-NW5QFQ', ''),
('BC-NXRY4X', ''),
('BC-NYMZHD', ''),
('BC-NZBMR5', ''),
('BC-N2F2MR', ''),
('BC-N3H86S', ''),
('BC-N38HMH', ''),
('BC-N4VZGV', ''),
('BC-N53D7S', '1'),
('BC-N7JW59', '1'),
('BC-N7Y5C9', '1'),
('BC-N8YVQS', '1'),
('BC-N9RTBZ', '1'),
('BC-N99LBN', '1'),
('BC-PBG834', '1'),
('BC-PBN8BD', '1'),
('BC-PB5WYP', '1'),
('BC-PDNWPJ', '1'),
('BC-PFKLCJ', ''),
('BC-PGTP2X', '1'),
('BC-PG9LYQ', '1'),
('BC-PH36LG', '1'),
('BC-PJZCR4', '1'),
('BC-PLBZKF', '1'),
('BC-PMLK5Y', ''),
('BC-PNX9CC', '1'),
('BC-PN6M7N', '1'),
('BC-PQDKPQ', '1'),
('BC-PRJ9VJ', '1'),
('BC-PSPKVQ', '1'),
('BC-PT44T3', '1'),
('BC-PV86RY', '1'),
('BC-PXJSX6', '1'),
('BC-PYJPDD', ''),
('BC-PZCXVZ', ''),
('BC-P2JY7S', '1'),
('BC-P2RPBX', '1'),
('BC-P3Y9JW', '1'),
('BC-P4KFYH', ''),
('BC-P4QKYQ', ''),
('BC-P5QL4N', ''),
('BC-P64LJ6', ''),
('BC-P6949P', ''),
('BC-P7TMVB', ''),
('BC-P8T3QH', ''),
('BC-P9CXJ8', ''),
('BC-P9MX28', ''),
('BC-P94RW7', ''),
('BC-QBS7DN', ''),
('BC-QB284Q', ''),
('BC-QC24LX', ''),
('BC-QDDPML', ''),
('BC-QDXDK4', ''),
('BC-QGDCBX', ''),
('BC-QG4RD4', ''),
('BC-QHZB2J', ''),
('BC-QKG2XF', ''),
('BC-QKX2XD', ''),
('BC-QL8V85', ''),
('BC-QM9B2Q', ''),
('BC-QNGTMV', ''),
('BC-QN22VZ', ''),
('BC-QN7262', ''),
('BC-QP7Y9T', ''),
('BC-QQQYK7', ''),
('BC-QQ3M7S', ''),
('BC-QRLBSL', ''),
('BC-QS2YXC', ''),
('BC-QTG9HQ', ''),
('BC-QT627B', ''),
('BC-QVMWCW', ''),
('BC-QWVZB3', ''),
('BC-QX3GMN', ''),
('BC-QYTV7Q', ''),
('BC-Q2CCVV', ''),
('BC-Q2NC65', ''),
('BC-Q3BN63', ''),
('BC-Q39ZTJ', ''),
('BC-Q4YZDL', ''),
('BC-Q44P6D', ''),
('BC-Q5Z39Z', ''),
('BC-Q6Y335', ''),
('BC-Q77T3X', ''),
('BC-Q9M478', ''),
('BC-RBJ7CV', ''),
('BC-RCZB6W', ''),
('BC-RDHJPP', ''),
('BC-RFRPJV', ''),
('BC-RGX2X4', ''),
('BC-RJB847', ''),
('BC-RJYZHV', ''),
('BC-RKWX6P', ''),
('BC-RL8TPP', ''),
('BC-RMPYW3', ''),
('BC-RN4TC2', ''),
('BC-RPS2TB', ''),
('BC-RQTTLT', ''),
('BC-RR6HJQ', ''),
('BC-RSCG4X', ''),
('BC-RTKV9K', ''),
('BC-RVSHQT', ''),
('BC-RV7XYH', ''),
('BC-RWF3LX', '1'),
('BC-RXPMGY', '1'),
('BC-RYFCXV', ''),
('BC-RYPSS7', ''),
('BC-RZFR5L', ''),
('BC-RZ62T6', '1'),
('BC-R2D3Z7', '1'),
('BC-R2RL6F', ''),
('BC-R2XT5W', '1'),
('BC-R3TQL5', ''),
('BC-R5CJVM', ''),
('BC-R6HVBR', ''),
('BC-R6748B', ''),
('BC-R8NS3S', '1'),
('BC-R9NXCD', '1'),
('BC-SBT4VF', ''),
('BC-SBZNMY', ''),
('BC-SC8223', '1'),
('BC-SDTYQH', ''),
('BC-SFPM7V', '1'),
('BC-SF5PM7', ''),
('BC-SG5LMZ', ''),
('BC-SJMK5S', ''),
('BC-SKKGCM', ''),
('BC-SLYRJM', ''),
('BC-SMPPST', ''),
('BC-SM2R72', '1'),
('BC-SN5FVB', '1'),
('BC-SP52C8', '1'),
('BC-SQRSM5', '1'),
('BC-SR8NFS', ''),
('BC-STB3H8', ''),
('BC-SVH3ZN', ''),
('BC-SVYTMP', '1'),
('BC-SWN6CV', ''),
('BC-SWWS87', ''),
('BC-SX3HXJ', ''),
('BC-SZCV2S', ''),
('BC-S2MTVJ', ''),
('BC-S34D6P', ''),
('BC-S5GNNN', ''),
('BC-S54CVK', ''),
('BC-S58XNX', ''),
('BC-S7QDQF', ''),
('BC-S79HV2', ''),
('BC-S9SSYM', ''),
('BC-TB7VYX', ''),
('BC-TC9RYL', ''),
('BC-TDSST6', ''),
('BC-TFRFWT', ''),
('BC-TG7MSR', ''),
('BC-TJQD52', ''),
('BC-TJ2X4N', ''),
('BC-TKVS9R', ''),
('BC-TLHR9M', ''),
('BC-TLVG64', ''),
('BC-TMYRPC', ''),
('BC-TM8SPN', ''),
('BC-TNQTM9', '1'),
('BC-TPGVYH', ''),
('BC-TQKXQL', ''),
('BC-TQ2ZVM', ''),
('BC-TR8GD9', '1'),
('BC-TTCTWR', '1'),
('BC-TTKV5Y', ''),
('BC-TVBX97', '1'),
('BC-TWPQNJ', ''),
('BC-TXTNMY', ''),
('BC-TYV75J', '1'),
('BC-TZWNV2', ''),
('BC-T27SJG', ''),
('BC-T4F9NK', ''),
('BC-T4TTGR', ''),
('BC-T5XT8Y', ''),
('BC-T6Q5PL', ''),
('BC-T7DX8V', '1'),
('BC-T8HZJF', '1'),
('BC-T9DHKV', '1'),
('BC-T9QDHB', '1'),
('BC-VBVKBT', ''),
('BC-VB8GDZ', '1'),
('BC-VCC9WL', '1'),
('BC-VCVPSL', '1'),
('BC-VC685D', '1'),
('BC-VDRRPR', ''),
('BC-VFG462', '1'),
('BC-VGDSBB', ''),
('BC-VGM8ZL', '1'),
('BC-VHV5Z4', '1'),
('BC-VJ6RB3', ''),
('BC-VKXHBH', ''),
('BC-VMF82K', ''),
('BC-VNTWFK', ''),
('BC-VQDZQ9', ''),
('BC-VQV82V', '1'),
('BC-VQ7SB2', '1'),
('BC-VRJQ6F', '1'),
('BC-VR5Z5W', '1'),
('BC-VTGLP3', '1'),
('BC-VVPW9M', '1'),
('BC-VWFKDP', '1'),
('BC-VXHB5W', '1'),
('BC-VYT63M', ''),
('BC-VZPB6K', '1'),
('BC-V2KK5N', '1'),
('BC-V2N8TT', '1'),
('BC-V3M7WC', '1'),
('BC-V4YYTB', '1'),
('BC-V5JXCN', '1'),
('BC-V5Q3QV', ''),
('BC-V596XW', '1'),
('BC-V7PDWH', '1'),
('BC-V75Y7M', ''),
('BC-V9B6VM', '1'),
('BC-V9QX79', '1'),
('BC-WBM9HX', ''),
('BC-WCK65V', '1'),
('BC-WCYVJP', ''),
('BC-WD4DG8', ''),
('BC-WF4M2Q', '1'),
('BC-WHHBP5', ''),
('BC-WHP7GN', '1'),
('BC-WJXQ9R', '1'),
('BC-WJ3SKB', ''),
('BC-WKQQFJ', ''),
('BC-WLBQTP', ''),
('BC-WMBVRP', ''),
('BC-WMYSB2', ''),
('BC-WPC6NL', ''),
('BC-WQNHKP', ''),
('BC-WQ3HQ9', ''),
('BC-WSHYT2', ''),
('BC-WSR58Y', ''),
('BC-WTYFR3', ''),
('BC-WV3VKF', ''),
('BC-WW8TD4', ''),
('BC-WXXSX8', ''),
('BC-WZF82R', ''),
('BC-WZNWDJ', ''),
('BC-W2L5D3', ''),
('BC-W2W42B', ''),
('BC-W38MJ8', ''),
('BC-W5C5LQ', ''),
('BC-W5XN7D', ''),
('BC-W64RYS', ''),
('BC-W69CTX', ''),
('BC-W7H7SD', '1'),
('BC-W8K6RJ', ''),
('BC-W9HK68', ''),
('BC-XBMWDT', ''),
('BC-XB9GTB', ''),
('BC-XDSCZP', ''),
('BC-XF4YMD', ''),
('BC-XGSLSR', ''),
('BC-XHFR6G', ''),
('BC-XHN54T', ''),
('BC-XHYWQD', ''),
('BC-XJXFNB', ''),
('BC-XKZ88L', ''),
('BC-XMGN2V', ''),
('BC-XNX2TR', ''),
('BC-XN4YL9', ''),
('BC-XPKQYT', ''),
('BC-XPY8DW', ''),
('BC-XRKFM8', ''),
('BC-XSC8BB', ''),
('BC-XSVCTF', ''),
('BC-XTD24F', ''),
('BC-XTPRLY', ''),
('BC-XVPYZH', ''),
('BC-XWY78W', ''),
('BC-XXG5W7', ''),
('BC-XYG8F8', ''),
('BC-XYVPKD', ''),
('BC-X2FJF9', ''),
('BC-X3XWR8', ''),
('BC-X453JF', ''),
('BC-X5K6XP', ''),
('BC-X6NCHR', ''),
('BC-X723W2', ''),
('BC-X772F5', ''),
('BC-X8VNFX', ''),
('BC-X9WWP6', ''),
('BC-YBDGZB', ''),
('BC-YCF937', ''),
('BC-YCM532', ''),
('BC-YDWHMY', ''),
('BC-YF3ZHK', ''),
('BC-YG75CV', '1'),
('BC-YHH7DT', ''),
('BC-YH9SRP', ''),
('BC-YKJ4TN', ''),
('BC-YLFJLT', ''),
('BC-YL7GJY', ''),
('BC-YMDMFJ', ''),
('BC-YMXC8G', ''),
('BC-YNBKZ5', ''),
('BC-YPRRHQ', ''),
('BC-YP9J26', ''),
('BC-YQKXFY', ''),
('BC-YQZWX4', ''),
('BC-YRNZS3', ''),
('BC-YSM8GY', ''),
('BC-YSYWRS', ''),
('BC-YT2GVH', ''),
('BC-YV94NR', ''),
('BC-YXCPN2', ''),
('BC-YX8HZV', ''),
('BC-YYQQQK', ''),
('BC-YZ3XMY', ''),
('BC-Y3LYL4', ''),
('BC-Y3TZQJ', ''),
('BC-Y422RM', ''),
('BC-Y6BMTF', ''),
('BC-Y7TXMR', ''),
('BC-Y8KYG4', ''),
('BC-Y9PRFG', ''),
('BC-ZB2KV8', ''),
('BC-ZCNPCM', ''),
('BC-ZDNHN3', ''),
('BC-ZDVPGL', ''),
('BC-ZFDN49', ''),
('BC-ZGBNYP', ''),
('BC-ZG7XJ9', ''),
('BC-ZJGLXK', ''),
('BC-ZKY4ST', ''),
('BC-ZLNSG8', ''),
('BC-ZMBYML', ''),
('BC-ZM3P65', ''),
('BC-ZPKDV3', ''),
('BC-ZQPZC2', ''),
('BC-ZR7G3M', ''),
('BC-ZSDJFY', ''),
('BC-ZSR66Z', ''),
('BC-ZTBQ5F', ''),
('BC-ZVFFTW', ''),
('BC-ZV6Q4P', ''),
('BC-ZWFDLW', ''),
('BC-ZWLZVX', ''),
('BC-ZW5JQ9', ''),
('BC-ZYGHKP', ''),
('BC-ZZWTG7', ''),
('BC-Z22RG6', ''),
('BC-Z3TBB9', ''),
('BC-Z5CXP5', ''),
('BC-Z6H874', ''),
('BC-Z6ZGPB', ''),
('BC-Z7N6FM', ''),
('BC-Z8QBT7', ''),
('BC-Z8382Y', ''),
('BC-Z9CP8F', ''),
('BC-Z9WMPQ', ''),
('BC-2BW8V8', ''),
('BC-2B9F8L', ''),
('BC-2CV3MW', ''),
('BC-2DWVQF', ''),
('BC-2F7W49', '1'),
('BC-2GHQWQ', ''),
('BC-2G84CW', ''),
('BC-2HDT89', ''),
('BC-2HMM7P', ''),
('BC-2HSYLT', ''),
('BC-2HYR8B', ''),
('BC-2J8MRG', ''),
('BC-2LM6RV', '1'),
('BC-2L75GM', ''),
('BC-2NHBBF', ''),
('BC-2PMYZB', ''),
('BC-2QKD6S', ''),
('BC-2RVD7Z', ''),
('BC-2S2H2P', ''),
('BC-2TDW3F', ''),
('BC-2TN3LZ', ''),
('BC-2VQTR9', ''),
('BC-2W3ZW7', ''),
('BC-2X27Y7', ''),
('BC-2YSXLX', ''),
('BC-2Y668X', ''),
('BC-2ZYKLZ', ''),
('BC-22LXCX', ''),
('BC-23PLDM', ''),
('BC-24R92C', ''),
('BC-25BCZC', '1'),
('BC-26F49M', ''),
('BC-26P4HY', '1'),
('BC-27TFSG', '1'),
('BC-28VPJ8', '1'),
('BC-29XJBQ', '1'),
('BC-3BX2ZP', '1'),
('BC-3DDKBG', ''),
('BC-3FL9D5', '1'),
('BC-3FV4LS', '1'),
('BC-3GTD7C', '1'),
('BC-3HWFP9', '1'),
('BC-3H2QLV', '1'),
('BC-3J3P94', '1'),
('BC-3KX8TS', '1'),
('BC-3LY6DN', ''),
('BC-3M36FH', '1'),
('BC-3NZMR5', '1'),
('BC-3PQY8V', '1'),
('BC-3QF4SJ', '1'),
('BC-3Q3KRX', '1'),
('BC-3RY6T6', '1'),
('BC-3SPSGC', '1'),
('BC-3TJHFR', '1'),
('BC-3VTQHM', '1'),
('BC-3WNR9J', '1'),
('BC-3XRL5P', ''),
('BC-3X6LX4', ''),
('BC-3YV38T', '1'),
('BC-3Y9DBS', '1'),
('BC-32RPFL', ''),
('BC-327YLY', ''),
('BC-34Q5V8', ''),
('BC-34W3HZ', ''),
('BC-354ND8', ''),
('BC-36Z5QG', ''),
('BC-368YPS', ''),
('BC-374XHH', ''),
('BC-38XTKN', ''),
('BC-39RK9H', ''),
('BC-4B4J3T', ''),
('BC-4DC83M', ''),
('BC-4D4JJR', ''),
('BC-4F347C', ''),
('BC-4HH3XJ', ''),
('BC-4HMYJ6', ''),
('BC-4JPK82', ''),
('BC-4J25VT', ''),
('BC-4LFQJD', ''),
('BC-4MCZ86', '1'),
('BC-4NSNNV', ''),
('BC-4N7MLQ', ''),
('BC-4P8BM8', ''),
('BC-4QYNM9', ''),
('BC-4SCRNP', ''),
('BC-4SSFBD', ''),
('BC-4T94G5', ''),
('BC-4VJZ6K', '1'),
('BC-4WDFNV', ''),
('BC-4W9RXZ', '1'),
('BC-4YFMGC', '1'),
('BC-4YYKFF', '1'),
('BC-4Z4T5K', ''),
('BC-42KSYW', ''),
('BC-43NBMM', '1'),
('BC-4362R8', '1'),
('BC-44DYTF', ''),
('BC-45QL3C', ''),
('BC-46V4XN', ''),
('BC-476Q46', ''),
('BC-48LXM4', '1'),
('BC-49DSXT', ''),
('BC-5BFRH8', ''),
('BC-5CNFZM', ''),
('BC-5C62V3', ''),
('BC-5DG57X', '1'),
('BC-5DTRZR', ''),
('BC-5F4MBH', ''),
('BC-5F88LS', ''),
('BC-5GW9PJ', '1'),
('BC-5HK47S', '1'),
('BC-5H9S5V', ''),
('BC-5J8F3Z', ''),
('BC-5KG3TZ', ''),
('BC-5LZNGZ', ''),
('BC-5MVMYW', ''),
('BC-5NH72D', ''),
('BC-5PCW4M', ''),
('BC-5P5V9S', ''),
('BC-5QCKPJ', ''),
('BC-5QVBFF', ''),
('BC-5RCBBQ', ''),
('BC-5RRNQJ', ''),
('BC-5R4RFQ', ''),
('BC-5SD2ZM', ''),
('BC-5SJ5PF', ''),
('BC-5TX634', ''),
('BC-5VH694', ''),
('BC-5V4LL9', ''),
('BC-5W4B8K', ''),
('BC-5X9XMH', ''),
('BC-5YP6BP', ''),
('BC-5Z7RTL', ''),
('BC-53JYKG', ''),
('BC-54Y5MS', ''),
('BC-56BTWS', ''),
('BC-56JWL3', ''),
('BC-57Z43L', ''),
('BC-577DSC', ''),
('BC-585W57', ''),
('BC-59C4Q8', ''),
('BC-59JNXT', ''),
('BC-6BJ7X6', ''),
('BC-6CZT97', ''),
('BC-6DKV2L', ''),
('BC-6D4ZPS', ''),
('BC-6FRQ35', ''),
('BC-6F39TB', ''),
('BC-6GZNZG', ''),
('BC-6HDZLN', ''),
('BC-6HYTNJ', ''),
('BC-6JTWDF', ''),
('BC-6LDCF5', ''),
('BC-6L44D4', ''),
('BC-6MTMKL', ''),
('BC-6PB39F', ''),
('BC-6P3NXT', ''),
('BC-6QNXN8', ''),
('BC-6RLFK8', ''),
('BC-6SRD4Y', ''),
('BC-6S2R8P', ''),
('BC-6TFRMS', ''),
('BC-6TQ5YP', ''),
('BC-6VRRJF', ''),
('BC-6WS764', ''),
('BC-6XB8XB', ''),
('BC-6XPKXD', ''),
('BC-6YV3FB', ''),
('BC-6Z65GH', ''),
('BC-63NF5S', ''),
('BC-64XXBJ', ''),
('BC-65QX6N', '1'),
('BC-66K2QX', '1'),
('BC-674YT6', ''),
('BC-68M879', '1'),
('BC-68VYPZ', '1'),
('BC-69KYK8', '1'),
('BC-69SHX8', '1'),
('BC-7CCP5G', '1'),
('BC-7DFBX7', '1'),
('BC-7FC837', ''),
('BC-7FXK5K', '1'),
('BC-7F54M4', '1'),
('BC-7GNCD6', '1'),
('BC-7H5J75', ''),
('BC-7JDMZ7', '1'),
('BC-7JN8R6', ''),
('BC-7K5HRG', ''),
('BC-7LY7BR', '1'),
('BC-7M4TJ2', '1'),
('BC-7PPQ3C', ''),
('BC-7P5DT2', '1'),
('BC-7QW4MX', ''),
('BC-7RP887', ''),
('BC-7R4QJG', '1'),
('BC-7TDHP2', '1'),
('BC-7VW835', ''),
('BC-7V8ZBS', '1'),
('BC-7WZQXG', ''),
('BC-7X4SYL', ''),
('BC-7YGVT5', ''),
('BC-7Y82TZ', ''),
('BC-7ZQX2C', ''),
('BC-72JWGG', ''),
('BC-73S8ZJ', ''),
('BC-7384V8', ''),
('BC-75GR93', ''),
('BC-76YY9X', ''),
('BC-765L99', ''),
('BC-77YFRZ', ''),
('BC-788F9Q', ''),
('BC-79GT85', ''),
('BC-793SMT', ''),
('BC-8BB3NP', ''),
('BC-8B5CTR', ''),
('BC-8C28SC', ''),
('BC-8D48G8', ''),
('BC-8F7J8Z', ''),
('BC-8HMXF6', ''),
('BC-8JJGK3', ''),
('BC-8K5MDS', ''),
('BC-8LVKJY', ''),
('BC-8MFXTR', ''),
('BC-8M6FGK', '1'),
('BC-8N97QW', ''),
('BC-8PTLVR', ''),
('BC-8Q4WM6', ''),
('BC-8SG2JM', ''),
('BC-8SWXF7', ''),
('BC-8TZPYW', ''),
('BC-8VBVCB', ''),
('BC-8WRK94', ''),
('BC-8X6D5C', ''),
('BC-8YK2KK', ''),
('BC-8YSL8S', ''),
('BC-8ZTHM9', ''),
('BC-82LQH8', ''),
('BC-8348BF', ''),
('BC-85DYXX', ''),
('BC-86PTFH', ''),
('BC-87MLC7', ''),
('BC-88D7CQ', ''),
('BC-89V48Q', ''),
('BC-9BY3F6', ''),
('BC-9DK8ZS', '1'),
('BC-9D8QBQ', ''),
('BC-9FHSX6', ''),
('BC-9GS76B', ''),
('BC-9H9P9T', ''),
('BC-9KKYCT', ''),
('BC-9LDJ2W', ''),
('BC-9LW9RX', ''),
('BC-9NC9TN', ''),
('BC-9PP83J', ''),
('BC-9P7TXH', ''),
('BC-9Q4RNZ', ''),
('BC-9R7Y9D', ''),
('BC-9SNWGG', ''),
('BC-9S458Q', ''),
('BC-9S9QNT', ''),
('BC-9T86WW', ''),
('BC-9VJ3C4', ''),
('BC-9VYV82', ''),
('BC-9WYM9Z', ''),
('BC-9X5L36', ''),
('BC-9YQXJD', ''),
('BC-9Y5F9V', ''),
('BC-92JF7B', ''),
('BC-93WKBX', ''),
('BC-933YDJ', ''),
('BC-9472Z9', ''),
('BC-955S4S', ''),
('BC-96F4ST', ''),
('BC-96NG6J', ''),
('BC-96WWKV', ''),
('BC-97JWHV', ''),
('BC-98LD7P', ''),
('BC-992FZF', '');

-- --------------------------------------------------------

--
-- Table structure for table `code`
--

CREATE TABLE IF NOT EXISTS `code` (
  `Code` varchar(15) NOT NULL,
  `status` varchar(10) NOT NULL
) ENGINE=InnoDB DEFAULT CHARSET=latin1;

--
-- Dumping data for table `code`
--

INSERT INTO `code` (`Code`, `status`) VALUES
('BC-BBVNT', '1'),
('BC-BCR6Z', ''),
('BC-BDVXD', '1'),
('BC-BF5JF', ''),
('BC-BGSLH', '1'),
('BC-BHK28', ''),
('BC-BHTXY', ''),
('BC-BJXHQ', ''),
('BC-BKWVK', ''),
('BC-BLB2T', ''),
('BC-BL6H3', ''),
('BC-BMWXF', ''),
('BC-BM56W', ''),
('BC-BNJQ9', ''),
('BC-BN7XZ', ''),
('BC-BPKCP', ''),
('BC-BQCWW', ''),
('BC-BQVDV', ''),
('BC-BQ66P', '1'),
('BC-BSB4X', ''),
('BC-BS8YN', '1'),
('BC-BVKY2', ''),
('BC-BVWMQ', ''),
('BC-BXBXS', ''),
('BC-BYP56', '1'),
('BC-BZ776', '1'),
('BC-B2HK7', ''),
('BC-B3YJJ', ''),
('BC-B4MRS', ''),
('BC-B5PF7', ''),
('BC-B52TY', '1'),
('BC-B6NYL', ''),
('BC-B7KKN', ''),
('BC-B83DB', ''),
('BC-B9YQL', ''),
('BC-CBGQ8', '1'),
('BC-CCV4P', ''),
('BC-CDX2N', ''),
('BC-CF828', ''),
('BC-CGM32', ''),
('BC-CHSJY', ''),
('BC-CJ6LQ', ''),
('BC-CKXZR', ''),
('BC-CLH8B', ''),
('BC-CMW6B', ''),
('BC-CNQ9W', ''),
('BC-CP3CY', '1'),
('BC-CRGXY', ''),
('BC-CRY62', '1'),
('BC-CSRD9', ''),
('BC-CS7RN', '1'),
('BC-CTP7C', '1'),
('BC-CT5ZX', ''),
('BC-CVQVH', ''),
('BC-CW2BH', '1'),
('BC-CW85F', '1'),
('BC-CXZJ6', ''),
('BC-CYG5C', ''),
('BC-CYWJJ', ''),
('BC-CZXS2', ''),
('BC-C2M6G', '1'),
('BC-C3M2R', '1'),
('BC-C3ST3', ''),
('BC-C4VHD', ''),
('BC-C5MTH', ''),
('BC-C5ZKD', ''),
('BC-C6YWK', '1'),
('BC-C7TZL', ''),
('BC-C72VN', '1'),
('BC-C8M28', '1'),
('BC-C9449', '1'),
('BC-DBH4G', ''),
('BC-DCH6G', '1'),
('BC-DCXG3', '1'),
('BC-DD2BH', ''),
('BC-DGCV4', ''),
('BC-DGZSB', ''),
('BC-DH4TB', ''),
('BC-DKG68', ''),
('BC-DLM8G', ''),
('BC-DLZ9P', ''),
('BC-DMLRK', ''),
('BC-DMVTR', '1'),
('BC-DN7XT', ''),
('BC-DPZW5', ''),
('BC-DQGHR', '1'),
('BC-DQ38P', ''),
('BC-DR3NK', ''),
('BC-DSQXM', ''),
('BC-DTJMK', ''),
('BC-DT2S5', ''),
('BC-DT6N9', ''),
('BC-DVGX8', ''),
('BC-DWQ8G', ''),
('BC-DXHLH', ''),
('BC-DYNB6', '1'),
('BC-DZXRV', '1'),
('BC-D2BK8', ''),
('BC-D22FV', ''),
('BC-D3S9K', '1'),
('BC-D35LM', ''),
('BC-D5KSG', '1'),
('BC-D6TQ5', ''),
('BC-D7CJY', ''),
('BC-D7VWM', ''),
('BC-D8LXR', ''),
('BC-D9NQN', ''),
('BC-FBTKL', ''),
('BC-FB44P', ''),
('BC-FC89Z', ''),
('BC-FFM6R', '1'),
('BC-FG4NH', ''),
('BC-FHR8D', ''),
('BC-FJWMM', ''),
('BC-FKDND', '1'),
('BC-FKTRC', '1'),
('BC-FLSCF', ''),
('BC-FMY3W', ''),
('BC-FNKQG', ''),
('BC-FPXJD', '1'),
('BC-FQ9G9', ''),
('BC-FR7TS', ''),
('BC-FTDJF', '1'),
('BC-FVMKN', '1'),
('BC-FVZ8N', '1'),
('BC-FXDZ6', ''),
('BC-FYXNL', '1'),
('BC-FZT8F', '1'),
('BC-F2Z3X', '1'),
('BC-F325P', ''),
('BC-F5LYS', '1'),
('BC-F6MG3', ''),
('BC-F6TS5', ''),
('BC-F7ZPF', ''),
('BC-F8242', ''),
('BC-F9VCX', '1'),
('BC-GBR5R', '1'),
('BC-GCSQ5', '1'),
('BC-GDCPW', '1'),
('BC-GD4DM', '1'),
('BC-GF627', '1'),
('BC-GGYWZ', '1'),
('BC-GHFHF', ''),
('BC-GHLYP', '1'),
('BC-GJKXV', '1'),
('BC-GK3X7', '1'),
('BC-GLQ3S', ''),
('BC-GMLGY', ''),
('BC-GNKMP', '1'),
('BC-GNVST', ''),
('BC-GN6QC', '1'),
('BC-GPSX4', '1'),
('BC-GQTJR', '1'),
('BC-GRZH2', ''),
('BC-GTGQ7', ''),
('BC-GTY7D', '1'),
('BC-GVHGR', '1'),
('BC-GWC59', '1'),
('BC-GWWHR', '1'),
('BC-GXS67', ''),
('BC-GX7RG', ''),
('BC-GZM65', '1'),
('BC-G2TX3', ''),
('BC-G36Y5', ''),
('BC-G4MGL', ''),
('BC-G5Q39', ''),
('BC-G69LK', ''),
('BC-G7VJ4', '1'),
('BC-G8BSK', ''),
('BC-G8YRL', ''),
('BC-G94NQ', ''),
('BC-HB64B', ''),
('BC-HDNMS', ''),
('BC-HD3WB', '1'),
('BC-HGHXG', '1'),
('BC-HGSNG', '1'),
('BC-HG9ZW', ''),
('BC-HJHN8', ''),
('BC-HJZC5', '1'),
('BC-HLCZW', ''),
('BC-HLTPF', '1'),
('BC-HMZN4', '1'),
('BC-HM5YV', '1'),
('BC-HNGPN', '1'),
('BC-HPNL4', '1'),
('BC-HQ3FZ', '1'),
('BC-HRJ9C', '1'),
('BC-HRS6X', ''),
('BC-HS974', ''),
('BC-HVR3H', ''),
('BC-HWZ9R', ''),
('BC-HYDXD', '1'),
('BC-HYXZ9', ''),
('BC-HZJF8', ''),
('BC-HZ83P', ''),
('BC-H2LVN', ''),
('BC-H2Y65', ''),
('BC-H4D37', ''),
('BC-H5FCP', ''),
('BC-H6TCS', ''),
('BC-H7JFW', '1'),
('BC-H8P3F', '1'),
('BC-H8XGF', '1'),
('BC-H83HB', '1'),
('BC-H9MZS', ''),
('BC-JBLZL', ''),
('BC-JCJGN', ''),
('BC-JC2R8', ''),
('BC-JD5V7', ''),
('BC-JGGW4', '1'),
('BC-JGPFW', '1'),
('BC-JH7PJ', ''),
('BC-JJN2C', '1'),
('BC-JJ97H', '1'),
('BC-JKX7T', ''),
('BC-JLKKR', ''),
('BC-JLSDK', ''),
('BC-JMWMR', '1'),
('BC-JNK3S', ''),
('BC-JPZN5', '1'),
('BC-JQB5Z', '1'),
('BC-JQ7DT', '1'),
('BC-JRNQ4', ''),
('BC-JSQWM', ''),
('BC-JTR48', ''),
('BC-JV7R3', ''),
('BC-JXFGQ', '1'),
('BC-JYJMV', ''),
('BC-JZY72', ''),
('BC-J2NQS', ''),
('BC-J225W', '1'),
('BC-J28CR', ''),
('BC-J3VFF', ''),
('BC-J33LL', '1'),
('BC-J44YY', '1'),
('BC-J5HH9', '1'),
('BC-J62KS', '1'),
('BC-J673X', ''),
('BC-J7DMV', ''),
('BC-J8RCX', ''),
('BC-J92F6', '1'),
('BC-KCJM3', '1'),
('BC-KC7JT', ''),
('BC-KDNQM', ''),
('BC-KF6YR', '1'),
('BC-KHH9S', ''),
('BC-KJL72', ''),
('BC-KJT7C', ''),
('BC-KK4G9', ''),
('BC-KLLPJ', ''),
('BC-KML95', ''),
('BC-KNKHJ', ''),
('BC-KNZ7X', ''),
('BC-KN622', '1'),
('BC-KQMLZ', ''),
('BC-KQS9Z', ''),
('BC-KRZGF', ''),
('BC-KSV7G', ''),
('BC-KTT38', ''),
('BC-KVFLN', ''),
('BC-KWXB4', ''),
('BC-KYDL4', ''),
('BC-KZT6J', ''),
('BC-K2TWB', ''),
('BC-K4B69', ''),
('BC-K4RN3', ''),
('BC-K5CQ4', ''),
('BC-K6JT8', ''),
('BC-K6TZ4', ''),
('BC-K6Y3R', ''),
('BC-K72MF', '1'),
('BC-K9F2B', ''),
('BC-LBYNC', ''),
('BC-LCLMW', ''),
('BC-LDSZB', ''),
('BC-LFHRC', ''),
('BC-LGQKQ', '1'),
('BC-LHC35', ''),
('BC-LH6BF', ''),
('BC-LKFFJ', ''),
('BC-LLPH8', ''),
('BC-LMW3Z', ''),
('BC-LN29Y', ''),
('BC-LPWWL', ''),
('BC-LRCTK', ''),
('BC-LSG44', ''),
('BC-LTVXG', '1'),
('BC-LT268', '1'),
('BC-LVDFC', ''),
('BC-LVMJG', ''),
('BC-LW5QX', ''),
('BC-LXGCV', ''),
('BC-LXS26', ''),
('BC-LXY4V', ''),
('BC-LZGQX', '1'),
('BC-LZP9K', '1'),
('BC-LZ97Y', '1'),
('BC-L2KPW', ''),
('BC-L33MM', ''),
('BC-L4WXD', ''),
('BC-L5NGM', ''),
('BC-L5YB2', ''),
('BC-L698J', ''),
('BC-L8QB7', ''),
('BC-L94G4', ''),
('BC-MCMVJ', ''),
('BC-MDBLD', ''),
('BC-MFVGQ', ''),
('BC-MGYFD', ''),
('BC-MHCCG', '1'),
('BC-MJS5H', ''),
('BC-MJ45P', ''),
('BC-MK4ZB', ''),
('BC-MMH2V', '1'),
('BC-MM6ZW', ''),
('BC-MNKBN', ''),
('BC-MPKD6', '1'),
('BC-MQ3LH', ''),
('BC-MRYBM', ''),
('BC-MSXVJ', ''),
('BC-MTRP9', ''),
('BC-MVGP2', ''),
('BC-MWBSG', ''),
('BC-MXRGY', ''),
('BC-MYBSQ', ''),
('BC-MZTCH', ''),
('BC-MZ3RD', ''),
('BC-MZ7FN', ''),
('BC-M3PCD', '1'),
('BC-M4ZWW', ''),
('BC-M5YGQ', ''),
('BC-M7F4H', ''),
('BC-M78WG', ''),
('BC-M83KB', ''),
('BC-M9X2T', ''),
('BC-NBZPG', ''),
('BC-NCSXB', ''),
('BC-ND26T', ''),
('BC-NGD9B', ''),
('BC-NG79G', '1'),
('BC-NHR97', ''),
('BC-NJNCC', ''),
('BC-NKHZH', ''),
('BC-NKPTP', ''),
('BC-NL8ST', ''),
('BC-NMYZ8', ''),
('BC-NNQZL', ''),
('BC-NNYLP', ''),
('BC-NPK4M', ''),
('BC-NP7W2', ''),
('BC-NQHL4', ''),
('BC-NQ9QW', ''),
('BC-NSHBX', ''),
('BC-NSMJT', ''),
('BC-NTYHW', ''),
('BC-NWBGH', ''),
('BC-NW3JS', ''),
('BC-NX4ZD', '1'),
('BC-NYVFH', ''),
('BC-NZBKM', ''),
('BC-N2SG5', ''),
('BC-N2XGZ', ''),
('BC-N32B7', ''),
('BC-N355G', ''),
('BC-N5GMW', ''),
('BC-N6TB2', ''),
('BC-N7P4B', ''),
('BC-N8JF7', ''),
('BC-N84DW', ''),
('BC-N88N9', ''),
('BC-PBFTD', ''),
('BC-PBXT3', ''),
('BC-PCPFY', ''),
('BC-PCXZ7', ''),
('BC-PD5DC', ''),
('BC-PFY75', ''),
('BC-PGRXX', ''),
('BC-PHK3Y', ''),
('BC-PJH68', '1'),
('BC-PKW9W', ''),
('BC-PLRBQ', '1'),
('BC-PMZT9', ''),
('BC-PNZVQ', ''),
('BC-PP9YY', ''),
('BC-PQ4SP', ''),
('BC-PSDF6', ''),
('BC-PSTF4', ''),
('BC-PTMQ5', ''),
('BC-PT6QH', '1'),
('BC-PWNCB', ''),
('BC-PW8YP', ''),
('BC-PXT3K', ''),
('BC-PX3VJ', ''),
('BC-PYDC8', ''),
('BC-PZJF6', ''),
('BC-P2CSM', ''),
('BC-P2XD5', ''),
('BC-P4FDM', ''),
('BC-P4MVM', ''),
('BC-P5YR7', ''),
('BC-P688X', ''),
('BC-P8H5Z', ''),
('BC-P9QPQ', ''),
('BC-QBYSR', ''),
('BC-QCPGF', ''),
('BC-QCW3P', ''),
('BC-QD3RD', ''),
('BC-QFS3K', ''),
('BC-QF6MS', ''),
('BC-QGPKB', ''),
('BC-QHX6W', ''),
('BC-QJJHZ', ''),
('BC-QKXVV', ''),
('BC-QLBR5', ''),
('BC-QMMCZ', ''),
('BC-QND7T', ''),
('BC-QPCJ4', ''),
('BC-QPYBC', ''),
('BC-QQ77H', ''),
('BC-QR56K', ''),
('BC-QS4GW', ''),
('BC-QTB4Y', ''),
('BC-QVKX6', ''),
('BC-QWYHT', ''),
('BC-QW64Z', ''),
('BC-QYBJ4', ''),
('BC-QYGVQ', ''),
('BC-QYTGH', ''),
('BC-QZV73', ''),
('BC-Q3CN5', '1'),
('BC-Q3XZG', ''),
('BC-Q4VVY', ''),
('BC-Q5PXC', ''),
('BC-Q5ZX2', ''),
('BC-Q7HG6', ''),
('BC-Q8PPZ', ''),
('BC-Q8X26', ''),
('BC-Q9PKD', ''),
('BC-RB8GM', ''),
('BC-RCJJF', ''),
('BC-RDDPF', ''),
('BC-RDR5Z', ''),
('BC-RFQCR', ''),
('BC-RF5BS', ''),
('BC-RHCJB', ''),
('BC-RH8QC', ''),
('BC-RKCYS', ''),
('BC-RLW2Q', '1'),
('BC-RMVDP', '1'),
('BC-RM8SC', ''),
('BC-RNXD8', '1'),
('BC-RP2M4', '1'),
('BC-RRCRX', '1'),
('BC-RRR5G', '1'),
('BC-RSY2F', '1'),
('BC-RTVHJ', ''),
('BC-RVDNQ', ''),
('BC-RVQR8', '1'),
('BC-RWN4X', ''),
('BC-RW4WQ', '1'),
('BC-RYLT5', ''),
('BC-RZL6M', '1'),
('BC-R2GJK', ''),
('BC-R2LF2', ''),
('BC-R3FKC', ''),
('BC-R4L7N', '1'),
('BC-R4V39', ''),
('BC-R5Y95', ''),
('BC-R6YQL', ''),
('BC-R7V6R', ''),
('BC-R8SZ5', ''),
('BC-R9GNX', ''),
('BC-R9YBW', ''),
('BC-SBMK9', '1'),
('BC-SCMBK', ''),
('BC-SDRWS', '1'),
('BC-SF46W', '1'),
('BC-SHF9C', '1'),
('BC-SH8BD', '1'),
('BC-SJ3ZT', '1'),
('BC-SLBNW', '1'),
('BC-SLJP7', ''),
('BC-SMM5S', '1'),
('BC-SNFQ8', ''),
('BC-SN2D2', '1'),
('BC-SPQ3R', '1'),
('BC-SQRT3', '1'),
('BC-SRD33', '1'),
('BC-SSP26', '1'),
('BC-SS8XQ', ''),
('BC-STTCR', '1'),
('BC-ST43N', ''),
('BC-ST82V', ''),
('BC-SVJLT', ''),
('BC-SVYZB', '1'),
('BC-SWF29', '1'),
('BC-SXX3Y', '1'),
('BC-SY3YN', ''),
('BC-SY9TB', '1'),
('BC-S2KZ6', '1'),
('BC-S3BZY', '1'),
('BC-S389D', '1'),
('BC-S4PFB', '1'),
('BC-S44MP', ''),
('BC-S6C3X', '1'),
('BC-S66KG', ''),
('BC-S79L4', '1'),
('BC-S9SVF', ''),
('BC-TBB3C', '1'),
('BC-TB9T5', '1'),
('BC-TDQRY', '1'),
('BC-TFCKG', ''),
('BC-TGVHT', ''),
('BC-THWC5', ''),
('BC-TH529', '1'),
('BC-TKB8Z', '1'),
('BC-TLDZJ', ''),
('BC-TLTQQ', '1'),
('BC-TMFC7', ''),
('BC-TNPSK', ''),
('BC-TPX3L', '1'),
('BC-TQYT4', ''),
('BC-TRRV8', ''),
('BC-TR9SR', ''),
('BC-TSXSF', ''),
('BC-TTTCG', ''),
('BC-TV3H5', '1'),
('BC-TWRHY', '1'),
('BC-TWY8G', '1'),
('BC-TXK9S', '1'),
('BC-TX4KP', ''),
('BC-TX93L', ''),
('BC-TYZQ7', '1'),
('BC-TZ3JM', ''),
('BC-T2FF8', ''),
('BC-T3LJ8', '1'),
('BC-T4D83', ''),
('BC-T5BGJ', '1'),
('BC-T542Y', '1'),
('BC-T7FWC', ''),
('BC-T8H55', '1'),
('BC-T9ZKW', ''),
('BC-T973T', ''),
('BC-VBXT6', '1'),
('BC-VCGXD', ''),
('BC-VCW9N', '1'),
('BC-VD6VG', '1'),
('BC-VFK7Z', '1'),
('BC-VF385', ''),
('BC-VHGJ5', '1'),
('BC-VHTWD', ''),
('BC-VJM83', '1'),
('BC-VKLYM', '1'),
('BC-VK9MH', ''),
('BC-VL32J', '1'),
('BC-VMQCC', '1'),
('BC-VNXW4', '1'),
('BC-VN5B9', '1'),
('BC-VPH9J', '1'),
('BC-VPR9M', ''),
('BC-VP59D', '1'),
('BC-VQ7W8', '1'),
('BC-VSC2Q', '1'),
('BC-VTK7Q', '1'),
('BC-VT2MF', ''),
('BC-VT64P', '1'),
('BC-VVYW9', '1'),
('BC-VW8F2', ''),
('BC-VXTFJ', '1'),
('BC-VX78H', '1'),
('BC-VYVDP', ''),
('BC-VZD5W', ''),
('BC-VZXTM', ''),
('BC-V2SZG', ''),
('BC-V3S5D', ''),
('BC-V4NRJ', ''),
('BC-V5FBT', ''),
('BC-V5MWZ', ''),
('BC-V6RTJ', ''),
('BC-V7R78', ''),
('BC-V8SJP', ''),
('BC-V874X', ''),
('BC-WBMWW', ''),
('BC-WBXKK', ''),
('BC-WB5KK', ''),
('BC-WC7NW', ''),
('BC-WDYKM', ''),
('BC-WF5VP', ''),
('BC-WG44P', ''),
('BC-WHSWZ', ''),
('BC-WH9SB', ''),
('BC-WJJGM', ''),
('BC-WKPTZ', ''),
('BC-WL7CW', ''),
('BC-WND4N', ''),
('BC-WPLR9', ''),
('BC-WQCZ8', ''),
('BC-WRKXC', ''),
('BC-WRPWR', ''),
('BC-WSL26', ''),
('BC-WSTHZ', ''),
('BC-WT2XX', ''),
('BC-WT9GD', ''),
('BC-WV8GT', ''),
('BC-WXHHD', ''),
('BC-WYX6G', ''),
('BC-WZHN9', ''),
('BC-WZZTN', ''),
('BC-W3G9T', ''),
('BC-W3WTT', ''),
('BC-W4S8Q', ''),
('BC-W5J3X', ''),
('BC-W6LWH', ''),
('BC-W7VWD', ''),
('BC-W8576', ''),
('BC-W9V8S', ''),
('BC-XBDZR', ''),
('BC-XCKCG', ''),
('BC-XDYS9', ''),
('BC-XF5XM', ''),
('BC-XGHTP', ''),
('BC-XGNF9', ''),
('BC-XG5YS', ''),
('BC-XJNJZ', ''),
('BC-XJWLY', ''),
('BC-XK6CV', ''),
('BC-XLKLW', ''),
('BC-XMHYZ', ''),
('BC-XM4N7', ''),
('BC-XNJN4', ''),
('BC-XN9BF', ''),
('BC-XPZYZ', ''),
('BC-XQPHV', ''),
('BC-XQ2J2', ''),
('BC-XRSSS', ''),
('BC-XSNSX', ''),
('BC-XTBMX', ''),
('BC-XT4Z8', ''),
('BC-XWB46', ''),
('BC-XXSND', ''),
('BC-XYRBR', ''),
('BC-XZR4S', ''),
('BC-X2SSF', ''),
('BC-X26PR', ''),
('BC-X4FYW', ''),
('BC-X5L4K', ''),
('BC-X6MTP', ''),
('BC-X7H2R', ''),
('BC-X8H35', ''),
('BC-X8VC3', ''),
('BC-YBDHC', ''),
('BC-YB84D', ''),
('BC-YDL62', ''),
('BC-YFJPQ', ''),
('BC-YGJZ2', ''),
('BC-YGV4L', ''),
('BC-YHM49', ''),
('BC-YJX7K', ''),
('BC-YKDD3', ''),
('BC-YK4QK', ''),
('BC-YLDQR', ''),
('BC-YLRWT', ''),
('BC-YL965', ''),
('BC-YNNRL', ''),
('BC-YN448', ''),
('BC-YPTZY', ''),
('BC-YQB77', ''),
('BC-YRNSS', ''),
('BC-YST8G', ''),
('BC-YTY95', ''),
('BC-YWG9L', ''),
('BC-YW9BK', ''),
('BC-YXZ32', ''),
('BC-YX55D', ''),
('BC-YZDX8', ''),
('BC-Y2TR2', ''),
('BC-Y3Y3J', ''),
('BC-Y4LKD', ''),
('BC-Y4QQM', ''),
('BC-Y46S6', ''),
('BC-Y5Z5H', ''),
('BC-Y68M7', ''),
('BC-Y8MBZ', ''),
('BC-Y9H7D', ''),
('BC-ZBFXD', ''),
('BC-ZCNC3', ''),
('BC-ZDYHJ', ''),
('BC-ZF4B9', ''),
('BC-ZG8HK', ''),
('BC-ZHNTR', ''),
('BC-ZJLDP', ''),
('BC-ZKZJL', ''),
('BC-ZMBPN', ''),
('BC-ZM473', ''),
('BC-ZNDJW', ''),
('BC-ZN7L9', ''),
('BC-ZPX8W', ''),
('BC-ZQHLT', ''),
('BC-ZRWPP', ''),
('BC-ZS64L', ''),
('BC-ZVBQW', ''),
('BC-ZVM6B', ''),
('BC-ZW5N2', ''),
('BC-ZX2M8', ''),
('BC-ZYZQK', ''),
('BC-ZY9HR', ''),
('BC-ZZSQF', ''),
('BC-ZZ6NX', ''),
('BC-Z2XR3', ''),
('BC-Z3XP2', ''),
('BC-Z37F6', ''),
('BC-Z4YW3', ''),
('BC-Z5KY8', ''),
('BC-Z6GRB', ''),
('BC-Z7KVD', ''),
('BC-Z8FGY', ''),
('BC-Z9FFR', ''),
('BC-Z9VG9', ''),
('BC-2B8SQ', ''),
('BC-2DNST', ''),
('BC-2FQNZ', ''),
('BC-2GVR9', ''),
('BC-2H8XC', ''),
('BC-2J7YH', ''),
('BC-2K9BH', ''),
('BC-2LS4R', ''),
('BC-2MCKR', ''),
('BC-2NK9Y', ''),
('BC-2P3MX', ''),
('BC-2Q83K', ''),
('BC-2SB5Y', ''),
('BC-2SQ3W', ''),
('BC-2T8TR', ''),
('BC-2VFMC', ''),
('BC-2WXQ6', ''),
('BC-2XSTV', ''),
('BC-2YF56', ''),
('BC-2ZQGM', ''),
('BC-22C6N', ''),
('BC-23J8M', ''),
('BC-238L9', ''),
('BC-24GGC', ''),
('BC-25T85', ''),
('BC-26CLP', ''),
('BC-265SB', ''),
('BC-279PP', ''),
('BC-28L63', ''),
('BC-28WHQ', ''),
('BC-29G8K', ''),
('BC-3BH4M', ''),
('BC-3B9JH', ''),
('BC-3DCTD', ''),
('BC-3FTZH', ''),
('BC-3F2JN', ''),
('BC-3F6RN', ''),
('BC-3GPJC', ''),
('BC-3HVNR', ''),
('BC-3JZXK', ''),
('BC-3KPGT', ''),
('BC-3L57R', ''),
('BC-3MSJR', ''),
('BC-3NYRR', ''),
('BC-3PW8F', ''),
('BC-3QSZS', ''),
('BC-3RPJH', ''),
('BC-3SHHK', ''),
('BC-3ST6Y', ''),
('BC-3TNZ3', ''),
('BC-3VS84', ''),
('BC-3WP2R', ''),
('BC-3XTQ4', ''),
('BC-3Y9NQ', ''),
('BC-3ZXQW', ''),
('BC-32HS8', ''),
('BC-33GCN', ''),
('BC-335HK', ''),
('BC-35JJ2', ''),
('BC-357T5', ''),
('BC-37PR6', ''),
('BC-38RM5', ''),
('BC-398RZ', ''),
('BC-4BLN8', ''),
('BC-4CPHD', ''),
('BC-4DNGY', ''),
('BC-4FXXW', ''),
('BC-4G8SP', ''),
('BC-4HZLB', ''),
('BC-4JFGK', ''),
('BC-4J8Q2', ''),
('BC-4K984', ''),
('BC-4L7QZ', ''),
('BC-4MZDB', ''),
('BC-4M64H', ''),
('BC-4N84X', ''),
('BC-4QC9Q', ''),
('BC-4QYYC', ''),
('BC-4SFKX', ''),
('BC-4SWNN', ''),
('BC-4T3FW', ''),
('BC-4VTFQ', ''),
('BC-4W4ZL', ''),
('BC-4W9GL', ''),
('BC-4XKFN', ''),
('BC-4X9H6', ''),
('BC-4YNZY', ''),
('BC-4ZLGM', ''),
('BC-4Z4JC', ''),
('BC-423HP', ''),
('BC-44JWX', ''),
('BC-45PPZ', ''),
('BC-45XG2', ''),
('BC-465SD', ''),
('BC-47DMD', ''),
('BC-47XMP', ''),
('BC-476LS', ''),
('BC-49KRT', ''),
('BC-5BJL2', ''),
('BC-5CSZP', ''),
('BC-5D5XM', ''),
('BC-5FMCN', ''),
('BC-5F42S', ''),
('BC-5HBSJ', ''),
('BC-5JDDW', ''),
('BC-5KCFY', ''),
('BC-5KQL9', ''),
('BC-5LF9S', ''),
('BC-5LSX7', ''),
('BC-5MSKY', ''),
('BC-5NYHQ', ''),
('BC-5PLH2', ''),
('BC-5QK9X', ''),
('BC-5RP3T', ''),
('BC-5SVBX', ''),
('BC-5TCSW', ''),
('BC-5VHD3', ''),
('BC-5WYBX', ''),
('BC-5X6ZH', ''),
('BC-5Y9RQ', ''),
('BC-52HGV', ''),
('BC-53YJD', ''),
('BC-54G46', ''),
('BC-54L3Q', ''),
('BC-54S9F', ''),
('BC-55G2Z', ''),
('BC-55SLC', ''),
('BC-56KV3', ''),
('BC-57LN6', ''),
('BC-58LJX', ''),
('BC-59NNT', ''),
('BC-6BC8Z', ''),
('BC-6CFW4', ''),
('BC-6DWRT', ''),
('BC-6FC9P', ''),
('BC-6FNJL', ''),
('BC-6F88W', ''),
('BC-6GLFC', ''),
('BC-6HH2R', ''),
('BC-6HXBZ', ''),
('BC-6J4C4', ''),
('BC-6K8C4', ''),
('BC-6L4J7', ''),
('BC-6MLWG', ''),
('BC-6MQ9Y', ''),
('BC-6M4R9', ''),
('BC-6PHNN', ''),
('BC-6P6JV', ''),
('BC-6Q25L', ''),
('BC-6RZGX', ''),
('BC-6S7BY', ''),
('BC-6TR2N', ''),
('BC-6TZ8N', ''),
('BC-6VWWK', ''),
('BC-6WVXW', ''),
('BC-6XVT6', ''),
('BC-6Y9CW', ''),
('BC-62CCL', ''),
('BC-62ZQ6', ''),
('BC-64DD3', ''),
('BC-65QK8', ''),
('BC-66CN5', ''),
('BC-668FP', ''),
('BC-67SY4', ''),
('BC-6736Y', ''),
('BC-68QFY', ''),
('BC-69Y2F', ''),
('BC-7BTKT', ''),
('BC-7B4CJ', ''),
('BC-7C6YJ', ''),
('BC-7DWH8', ''),
('BC-7F8NP', ''),
('BC-7G8J6', ''),
('BC-7HK3R', ''),
('BC-7JDMZ', ''),
('BC-7KB7T', ''),
('BC-7KQ73', ''),
('BC-7KYKM', ''),
('BC-7LRND', ''),
('BC-7MZJM', ''),
('BC-7NK9P', ''),
('BC-7PRTP', ''),
('BC-7P3SY', ''),
('BC-7RGSC', ''),
('BC-7R8DK', ''),
('BC-7SQWH', ''),
('BC-7SW6X', ''),
('BC-7S6L8', ''),
('BC-7VJ83', ''),
('BC-7WK6C', ''),
('BC-7WZRY', ''),
('BC-7XF4X', ''),
('BC-7XK77', ''),
('BC-7XWGD', ''),
('BC-7X3W5', ''),
('BC-7YTQD', ''),
('BC-7ZDRM', ''),
('BC-72GT7', ''),
('BC-72LHN', ''),
('BC-72TM3', ''),
('BC-725V9', ''),
('BC-74HQ2', ''),
('BC-75PYZ', ''),
('BC-754GL', ''),
('BC-76B7K', ''),
('BC-77NBT', ''),
('BC-77Y99', ''),
('BC-788YL', ''),
('BC-793R8', ''),
('BC-8B9QL', ''),
('BC-8C5L9', ''),
('BC-8FD2P', ''),
('BC-8GFNX', ''),
('BC-8HR8F', ''),
('BC-8JNWV', ''),
('BC-8KNNY', ''),
('BC-8LPXN', ''),
('BC-8MT5T', ''),
('BC-8M9GG', ''),
('BC-8NMB2', ''),
('BC-8NR2V', ''),
('BC-8PBTT', ''),
('BC-8PHGY', ''),
('BC-8QTYM', ''),
('BC-8Q7S2', ''),
('BC-8RCGZ', ''),
('BC-8RTP9', ''),
('BC-8SS6L', ''),
('BC-8TM7J', ''),
('BC-8VCSH', ''),
('BC-8V3HT', ''),
('BC-8WYPD', ''),
('BC-8XK8F', ''),
('BC-8YLWV', ''),
('BC-8YXFM', ''),
('BC-8ZSPQ', ''),
('BC-8Z65M', ''),
('BC-83CRR', ''),
('BC-84K46', ''),
('BC-846PJ', ''),
('BC-86BR8', ''),
('BC-8666N', ''),
('BC-87CPY', ''),
('BC-88JKF', ''),
('BC-89C93', ''),
('BC-896MG', ''),
('BC-9BYBQ', ''),
('BC-9CZMM', ''),
('BC-9D7FF', ''),
('BC-9FMP8', ''),
('BC-9GNWX', ''),
('BC-9HPY2', ''),
('BC-9HXB6', ''),
('BC-9JQ98', ''),
('BC-9KHL9', ''),
('BC-9LSJR', ''),
('BC-9L8FF', ''),
('BC-9MHNV', ''),
('BC-9MVZ3', ''),
('BC-9N5KV', ''),
('BC-9N85S', ''),
('BC-9PLLB', ''),
('BC-9P7XQ', ''),
('BC-9QL97', ''),
('BC-9RH6L', ''),
('BC-9R2L8', ''),
('BC-9SWQ6', ''),
('BC-9TJGY', ''),
('BC-9V3SK', ''),
('BC-9WSZN', ''),
('BC-9WYKZ', ''),
('BC-9X2Z6', ''),
('BC-9ZM29', ''),
('BC-9Z2PY', ''),
('BC-92BTF', ''),
('BC-92YLQ', ''),
('BC-932TG', ''),
('BC-938GK', ''),
('BC-95MGR', ''),
('BC-963M8', ''),
('BC-97M99', ''),
('BC-976XT', '');

-- --------------------------------------------------------

--
-- Table structure for table `student`
--

CREATE TABLE IF NOT EXISTS `student` (
  `StdId` varchar(60) NOT NULL,
  `StdName` varchar(60) NOT NULL,
  `StdCode` varchar(25) NOT NULL,
  `StdCourse` varchar(20) NOT NULL,
  `TimeIn` datetime NOT NULL,
  PRIMARY KEY (`StdId`)
) ENGINE=InnoDB DEFAULT CHARSET=latin1;

--
-- Dumping data for table `student`
--

INSERT INTO `student` (`StdId`, `StdName`, `StdCode`, `StdCourse`, `TimeIn`) VALUES
('2010-00102', 'kharen ponce', 'BC-VXTFJ', 'DTE', '2017-10-05 13:07:15'),
('2011-00603', 'NINA POSTRERO', 'BC-RP2M4', 'BSIT', '2017-10-05 13:16:53'),
('2012-00755', 'QUEEN LIE AMONTOS', 'BC-FVMKN', 'DBM', '2017-10-05 13:21:07'),
('2012-00828', 'MONDOÑEDO, ALIFA KRISTEL', 'BC-SVYZB', 'MASSCOM', '2017-10-05 13:02:31'),
('2013-01001', 'CHERRY BREN QUISEL', 'BC-DYNB6', 'BSIT', '2017-10-05 13:45:46'),
('2013-01056', 'VINCENT VILLALUNA', 'BC-FTDJF', 'BSIT', '2017-10-05 12:48:31'),
('2013-01117', 'CAMILLE I. LLEMIT', 'BC-S79L4', 'DBM', '2017-10-05 13:33:30'),
('2013-01119', 'PANILAGAO VICTORIA', 'BC-MHCCG', 'DTE', '2017-10-05 13:14:47'),
('2013-01128', 'Jean Cleo Canoy', 'BC-C2M6G', 'DTE', '2017-10-05 13:38:49'),
('2013-01134', 'Amberry Clinton Cuico', 'BC-FKDND', 'BSIT', '2017-10-05 13:37:26'),
('2013-01157', 'Mary Grace C. Gorres', 'BC-HD3WB', 'DTE', '2017-10-05 13:38:58'),
('2013-01172', 'RAMILBASILIOTE', 'BC-VT64P', 'BSIT', '2017-10-05 12:46:44'),
('2013-01204', 'Angel A. Masong', 'BC-JMWMR', 'DTE', '2017-10-05 13:01:12'),
('2013-01232', 'JESSER ROSACEÑ', 'BC-GDCPW', 'DTE', '2017-10-05 13:36:54'),
('2013-01235', 'JANNETH PUSA', 'BC-SDRWS', 'BSIT', '2017-10-05 13:54:13'),
('2013-01264', 'NEVIE ALOYAN', 'BC-C3M2R', 'DTE', '2017-10-05 13:45:06'),
('2013-01294', 'Degamon Faith Krsna', 'BC-J225W', 'BSIT', '2017-10-05 13:52:37'),
('2013-01304', 'ABIGAIL MARIE V. BORINAGA', 'BC-H7JFW', 'DBM', '2017-10-05 13:14:25'),
('2013-01306', 'JULIE ANN BEREZO', 'BC-TV3H5', 'BSIT', '2017-10-05 13:16:46'),
('2014-01152', 'JESSA JAYLO', 'BC-VBXT6', 'HM', '2017-10-05 13:46:59'),
('2014-01334', 'VILLAMOR, MARY GRACE D.', 'BC-HM5YV', 'BSIT', '2017-10-05 13:31:59'),
('2014-01335', 'Carolino D. Villarta Jr.', 'BC-H8XGF', 'BSIT', '2017-10-05 13:17:30'),
('2014-01340', 'Anna Liza C. Tumulak', 'BC-DZXRV', 'BSIT', '2017-10-05 13:55:23'),
('2014-01342', 'GERLYN MAOY', 'BC-T542Y', 'DTE', '2017-10-05 13:35:39'),
('2014-01352', 'Recca Jane J. Valencia', 'BC-BBVNT', 'BSIT', '2017-10-05 13:39:34'),
('2014-01354', 'Fijikarl L. Amistoso', 'BC-LTVXG', 'HM', '2017-10-05 13:34:22'),
('2014-01356', 'KERWIN INOT', 'BC-GHLYP', 'BSIT', '2017-10-05 12:49:11'),
('2014-01358', 'Mary Grace Sellano', 'BC-HLTPF', 'DBM', '2017-10-05 13:13:49'),
('2014-01361', 'DIOSO, VANESSA MAE R.', 'BC-LZGQX', 'DBM', '2017-10-05 13:32:55'),
('2014-01363', 'Belarmino, Jamiel L.', 'BC-VHGJ5', 'BSIT', '2017-10-05 12:49:23'),
('2014-01373', 'STEVAN NEMEÑO', 'BC-D5KSG', 'DBM', '2017-10-05 13:33:12'),
('2014-01379', 'HONEYJANE VILLACORTA', 'BC-SPQ3R', 'DBM', '2017-10-05 13:15:35'),
('2014-01380', 'EROON', 'BC-LZP9K', 'DTE', '2017-10-05 13:32:04'),
('2014-01381', 'Mary Tris Labrador', 'BC-R4L7N', 'HM', '2017-10-05 13:46:59'),
('2014-01384', 'Manatad Lorie Mea', 'BC-VTK7Q', 'BSIT', '2017-10-05 12:54:04'),
('2014-01386', 'LYNN SUMARAGO', 'BC-TWRHY', 'BSIT', '2017-10-05 13:10:18'),
('2014-01391', 'VINNA I. ROSACEÑA', 'BC-RMVDP', 'DTE', '2017-10-05 13:17:42'),
('2014-01395', 'bernadette W. hernandez', 'BC-GCSQ5', 'DBM', '2017-10-05 13:05:10'),
('2014-01399', 'Melvin Baybayanon', 'BC-PLRBQ', 'BSIT', '2017-10-05 13:06:11'),
('2014-01409', 'SHENNA MAE JARINA ', 'BC-TB9T5', 'DTE', '2017-10-05 12:49:55'),
('2014-01411', 'Kristal Jane A. Tac-al', 'BC-SWF29', 'BSIT', '2017-10-05 13:02:01'),
('2014-01413', 'Arianne Pedrano', 'BC-LT268', 'DTE', '2017-10-05 13:35:08'),
('2014-01414', 'BALOGBOG JELHIE DAWN', 'BC-SXX3Y', 'DBM', '2017-10-05 12:45:29'),
('2014-01420', 'julie anne e. cosido', 'BC-CW85F', 'HM', '2017-10-05 13:47:09'),
('2014-01426', 'Roxan Del Preda', 'BC-HMZN4', 'BSIT', '2017-10-05 12:58:56'),
('2014-01438', 'FATIMA GRACE L. BONTILAO', 'BC-GF627', 'DBM', '2017-10-05 12:59:41'),
('2014-01444', 'MARJORIE SUPILANAS ', 'BC-S6C3X', 'DTE', '2017-10-05 13:44:13'),
('2014-01447', 'AQUILA MARIE MERCADER', 'BC-CTP7C', 'DTE', '2017-10-05 13:34:43'),
('2014-01451', 'KEYSHA ANN CATUBIG', 'BC-J5HH9', 'DTE', '2017-10-05 13:25:53'),
('2014-01455', 'GERALDINE S. COSIDO', 'BC-S2KZ6', 'DTE', '2017-10-05 12:46:37'),
('2014-01460', 'JENNIFER CASTULO', 'BC-RRR5G', 'DBM', '2017-10-05 13:44:46'),
('2014-01464', 'Briones, Rhazel', 'BC-TLTQQ', 'DTE', '2017-10-05 12:56:59'),
('2014-01469', 'Michelle P. Engay', 'BC-SSP26', 'DBM', '2017-10-05 13:06:22'),
('2014-01472', 'Carpina, Sepril Mae P.', 'BC-PT6QH', 'DTE', '2017-10-05 12:58:04'),
('2014-01478', 'NULLA PAUL VINCENT Y ', 'BC-LZ97Y', 'HM', '2017-10-05 13:31:41'),
('2014-01479', 'Vanissa Naparate', 'BC-GZM65', 'HM', '2017-10-05 13:47:48'),
('2014-01481', 'MAE JOY MALUNJAO', 'BC-J33LL', 'HM', '2017-10-05 13:24:52'),
('2014-01482', 'SAMSON,JUDY ANN M.', 'BC-GGYWZ', 'DTE', '2017-10-05 12:47:21'),
('2014-01483', 'Maria C. Palabrica', 'BC-T8H55', 'DTE', '2017-10-05 12:44:47'),
('2014-01489', 'Christian S. Mesias', 'BC-KF6YR', 'BSIT', '2017-10-05 13:35:51'),
('2014-01497', 'January love arib', 'BC-JXFGQ', 'DBM', '2017-10-05 13:28:35'),
('2014-01502', 'KIMVERLY P. PIOGO', 'BC-DMVTR', 'DTE', '2017-10-05 13:34:56'),
('2014-01511', 'Almuallas, Cresilda', 'BC-JGPFW', 'BSIT', '2017-10-05 12:58:23'),
('2014-01512', 'CLER JESPER BLASE', 'BC-VFK7Z', 'BSIT', '2017-10-05 13:16:03'),
('2014-01515', 'Mark Andales', 'BC-M3PCD', 'DBM', '2017-10-05 13:15:03'),
('2014-01523', 'Jackelyn A. Pulgo', 'BC-RZL6M', 'BSIT', '2017-10-05 13:15:08'),
('2014-01527', 'LOVELY B. SABAL', 'BC-BZ776', 'DBM', '2017-10-05 13:38:13'),
('2014-01528', 'Jimmy Ponce', 'BC-SF46W', 'HM', '2017-10-05 13:47:50'),
('2014-01532', 'Joshua Alex Batayola', 'BC-VSC2Q', 'BSIT', '2017-10-05 13:17:46'),
('2014-01537', 'MA. WINGEL A. GASTADOR', 'BC-C8M28', 'DBM', '2017-10-05 13:42:30'),
('2014-01540', 'SARABOSING, JOSE REY B.', 'BC-BGSLH', 'BSIT', '2017-10-05 13:21:12'),
('2014-01544', 'Mel Rose U. Makig-angay', 'BC-SJ3ZT', 'BSIT', '2017-10-05 13:26:17'),
('2014-01553', 'JESSELYN RONOLO', 'BC-JQB5Z', 'HM', '2017-10-05 13:25:02'),
('2014-01558', 'PALO, REY VINCENT V.', 'BC-RVQR8', 'BSIT', '2017-10-05 12:49:10'),
('2014-01569', 'Cristo Rey E. Codoy', 'BC-TPX3L', 'BSIT', '2017-10-05 13:29:49'),
('2014-01573', 'Lea Joy Ceballos', 'BC-KN622', 'DBM', '2017-10-05 13:51:10'),
('2014-01576', 'DAGATAN PRINCESS NINA', 'BC-SLBNW', 'DTE', '2017-10-05 12:44:42'),
('2014-01587', 'CHRISTIAN BRYAN RAY M. RAMON', 'BC-KCJM3', 'HM', '2017-10-05 13:53:43'),
('2014-01635', 'Raphael Philip R. Pedraza', 'BC-CRY62', 'BSIT', '2017-10-05 13:45:50'),
('2014-01636', 'Niño Argie Tejero', 'BC-S389D', 'DTE', '2017-10-05 12:55:42'),
('2015- 01666', 'Ann Sydney S. Barsagas', 'BC-C6YWK', 'DBM', '2017-10-05 13:42:13'),
('2015-01650', 'April Grace P. Berezo', 'BC-CW2BH', 'DBM', '2017-10-05 13:49:59'),
('2015-01651', 'LICCA FAITH GUMAOD', 'BC-J92F6', 'DBM', '2017-10-05 13:48:32'),
('2015-01655', 'Sharomaine Salvacion', 'BC-GBR5R', 'BSIT', '2017-10-05 13:51:56'),
('2015-01667', 'YVONE GRACE PRADILLA', 'BC-FZT8F', 'BSIT', '2017-10-05 13:08:16'),
('2015-01676', 'TIMCANG, AUGUST DOVI', 'BC-TYZQ7', 'DTE', '2017-10-05 13:03:33'),
('2015-01678', 'Cherry Lou P. Yaun', 'BC-TDQRY', 'DBM', '2017-10-05 13:22:28'),
('2015-01686', 'MERLIZA AQUE', 'BC-RW4WQ', 'DBM', '2017-10-05 13:34:02'),
('2015-01697', 'CLEO AUGUSTO', 'BC-VP59D', 'DTE', '2017-10-05 13:03:45'),
('2015-01698', 'TORREJOS EDWIN', 'BC-S3BZY', 'DTE', '2017-10-05 13:02:18'),
('2015-01699', 'Elizamae Lapaz', 'BC-VX78H', 'DTE', '2017-10-05 13:05:22'),
('2015-01700', 'SAMANTHA FE L. PALLER', 'BC-HNGPN', 'BSIT', '2017-10-05 13:08:32'),
('2015-01701', 'Rutchielle Fae N. Zaragoza', 'BC-FPXJD', 'DBM', '2017-10-05 13:41:15'),
('2015-01705', 'LORIE MAE B. MANILAG', 'BC-CS7RN', 'DTE', '2017-10-05 13:27:14'),
('2015-01708', 'VIDA ENA ECO', 'BC-D3S9K', 'MASSCOM', '2017-10-05 13:52:27'),
('2015-01715', 'JECELYN DEL CASTILLO', 'BC-TKB8Z', 'DTE', '2017-10-05 12:44:39'),
('2015-01724', 'BARCELONA,RHEA JANE G.', 'BC-FVZ8N', 'DTE', '2017-10-05 13:11:56'),
('2015-01729', 'Cris Mishel Comporal', 'BC-HGHXG', 'DBM', '2017-10-05 13:37:19'),
('2015-01731', 'POTICAR, NADINE ASHLEY A.', 'BC-VN5B9', 'BSIT', '2017-10-05 12:48:07'),
('2015-01733', 'cherry may veloria', 'BC-SY9TB', 'DBM', '2017-10-05 12:55:01'),
('2015-01736', 'BATILLER, JOYCE NICA L.', 'BC-RLW2Q', 'BSIT', '2017-10-05 13:11:36'),
('2015-01738', 'Lovella Branzuela Z.', 'BC-GWWHR', 'BSIT', '2017-10-05 13:24:12'),
('2015-01739', 'BRANZUELA, LOURDES Z.', 'BC-CBGQ8', 'BSIT', '2017-10-05 13:08:41'),
('2015-01744', 'Ellah Marie Vallejos', 'BC-SH8BD', 'DBM', '2017-10-05 12:48:42'),
('2015-01753', 'LEAH NACUA', 'BC-GQTJR', 'HM', '2017-10-05 13:49:41'),
('2015-01754', 'Annie R. Pojeno', 'BC-BYP56', 'DBM', '2017-10-05 13:54:41'),
('2015-01756', 'BARBADILLO EMILY H.', 'BC-NX4ZD', 'BSIT', '2017-10-05 13:11:00'),
('2015-01766', 'Villena , Christine M.', 'BC-J44YY', 'DTE', '2017-10-05 13:20:57'),
('2015-01778', 'PERAS, SYRRA O.', 'BC-VNXW4', 'BSIT', '2017-10-05 13:03:33'),
('2015-01781', 'BARCENAS, CRISTAL JADE T.', 'BC-S4PFB', 'DTE', '2017-10-05 13:00:26'),
('2015-01783', 'JONAS', 'BC-BQ66P', 'BSIT', '2017-10-05 13:32:16'),
('2015-01786', 'MARIA FE RIVERA', 'BC-Q3CN5', 'DTE', '2017-10-05 13:20:56'),
('2015-01793', 'SARAH JANE S. SANOY', 'BC-B52TY', 'DBM', '2017-10-05 13:48:32'),
('2015-01796', 'Bercero, L. Dave', 'BC-VQ7W8', 'BSIT', '2017-10-05 12:47:32'),
('2015-01798', 'Ana Liza Birao', 'BC-C72VN', 'DBM', '2017-10-05 13:43:18'),
('2015-01806', 'CYRUS JOHN A. ESPINOSA', 'BC-HYDXD', 'DTE', '2017-10-05 13:12:18'),
('2015-01807', 'LYKHA JEAN ABELLANOSA', 'BC-K72MF', 'HM', '2017-10-05 13:52:19'),
('2015-01812', 'MATOY, MAE KAREN B.', 'BC-RRCRX', 'BSIT', '2017-10-05 13:09:02'),
('2015-01820', 'MARIA CLEOFE FABRIQUE', 'BC-NG79G', 'DTE', '2017-10-05 13:21:51'),
('2015-01824', 'CHRISTY PATALINGHUG', 'BC-JPZN5', 'BSIT', '2017-10-05 13:48:29'),
('2015-01830', 'Melchizedek Gaffud', 'BC-GNKMP', 'DBM', '2017-10-05 13:19:33'),
('2015-01834', 'Esmalin gyle', 'BC-SQRT3', 'BSIT', '2017-10-05 13:04:31'),
('2015-01839', 'Mark Opo', 'BC-CP3CY', 'DBM', '2017-10-05 13:34:08'),
('2015-01845', 'HILONGOS, ORWELA G.', 'BC-HRJ9C', 'DTE', '2017-10-05 13:12:55'),
('2015-01847', 'JOHN PATRIC GUTIERREZ', 'BC-HJZC5', 'DBM', '2017-10-05 13:36:20'),
('2015-01853', 'Jose, Georey A.', 'BC-FYXNL', 'BSIT', '2017-10-05 12:52:54'),
('2015-01856', 'BIENVINIDO CANANGGA', 'BC-SN2D2', 'MASSCOM', '2017-10-05 13:45:59'),
('2015-01864', 'Mel Alexa Marie Montajes', 'BC-GWC59', 'BSIT', '2017-10-05 13:23:36'),
('2015-01866', 'Rosales, Rose Lene', 'BC-HPNL4', 'DTE', '2017-10-05 13:02:55'),
('2015-01868', 'ARANAS, CHESLINE M.', 'BC-GK3X7', 'BSIT', '2017-10-05 12:45:25'),
('2015-01874', 'Christine Jean Cuizon', 'BC-VVYW9', 'DTE', '2017-10-05 13:06:10'),
('2015-01887', 'Lancer Arcenal', 'BC-PJH68', 'BSIT', '2017-10-05 13:22:46'),
('2015-01890', 'DINA ROMA', 'BC-HQ3FZ', 'DTE', '2017-10-05 13:19:58'),
('2015-01903', 'Dixie A. Roma', 'BC-FFM6R', 'BSIT', '2017-10-05 13:53:33'),
('2015-01914', 'OPALLA,CHERRY MAE C.', 'BC-VJM83', 'BSIT', '2017-10-05 12:48:03'),
('2015-01920', 'Philgrace Tinaja', 'BC-DCH6G', 'DBM', '2017-10-05 13:22:40'),
('2015-01924', 'Diane Erika Book', 'BC-H83HB', 'DBM', '2017-10-05 13:18:39'),
('2015-01927', 'URSAL, ANTONIETTE KIM D.', 'BC-T5BGJ', 'BSIT', '2017-10-05 12:46:21'),
('2015-01932', 'BUEBO,EMELYN R.', 'BC-SBMK9', 'MASSCOM', '2017-10-05 13:01:16'),
('2015-01935', 'zENAIDA Bragat', 'BC-G7VJ4', 'HM', '2017-10-05 13:50:24'),
('2015-01943', 'Merme geverola', 'BC-VL32J', 'BSIT', '2017-10-05 13:19:51'),
('2015-01944', 'Hernan Lauron', 'BC-HGSNG', 'DBM', '2017-10-05 13:40:51'),
('2015-01951', 'Napeñas, Edfel Dave', 'BC-TBB3C', 'BSIT', '2017-10-05 12:54:57'),
('2015-01952', 'BREZO SHIEN M.', 'BC-TWY8G', 'DTE', '2017-10-05 13:10:54'),
('2015-01953', 'chrisjohn colina', 'bc-fktrc', 'BSIT', '2017-10-05 12:56:11'),
('2015-01964', 'regel torres', 'bc-t3lj8', 'BSIT', '2017-10-05 12:56:44'),
('2015-01973', 'Michael Cosep Projimo', 'BC-RSY2F', 'DBM', '2017-10-05 13:05:08'),
('2015-01974', 'Rhealyn Mae Diago', 'BC-STTCR', 'DBM', '2017-10-05 13:09:16'),
('2015-01977', 'LYRA MAE DESAMPARADO', 'BC-J62KS', 'DBM', '2017-10-05 13:18:47'),
('2015-01991', 'JOSEPH BACALLA', 'BC-VPH9J', 'DTE', '2017-10-05 12:59:49'),
('2015-01993', 'MARY JANE OACAN', 'BC-RNXD8', 'HM', '2017-10-05 13:25:23'),
('2015-02000', 'Vanessa Villadolid', 'BC-GJKXV', 'DBM', '2017-10-05 13:29:10'),
('2015-02020', 'LORIE ANN BUFETE', 'BC-JJ97H', 'DTE', '2017-10-05 13:28:10'),
('2015-02028', 'MERRY MEILA GAMO ', 'BC-TH529', 'DBM', '2017-10-05 13:15:53'),
('2015-07102', 'Ma. Isabel O. Bunal', 'BC-SMM5S', 'BSIT', '2017-10-05 13:23:59'),
('2015-1955', 'REX', 'BC-BS8YN', 'BSIT', '2017-10-05 13:32:34'),
('2015-2014', 'Oyao,Miguel', 'BC-GN6qc', 'BSIT', '2017-10-05 12:57:42'),
('2016-02045', 'ALEXIS GIAN HERRY', 'BC-GVHGR', 'DTE', '2017-10-05 13:26:06'),
('2016-02049', 'DIANE CALINAWAN', 'BC-TXK9S', 'DBM', '2017-10-05 13:17:08'),
('2016-02050', 'Fretzhie-Ann Ello', 'BC-H8P3F', 'DTE', '2017-10-05 13:45:22'),
('2016-02058', 'Laarnie Bufete', 'BC-VD6VG', 'DBM', '2017-10-05 13:29:16'),
('2016-02064', 'CRISTY MAE JUSTO', 'BC-MPKD6', 'DBM', '2017-10-05 13:09:47'),
('2016-02070', 'SHEILA MAE ESTOBIO', 'BC-MMH2V', 'BSIT', '2017-10-05 13:07:48'),
('2016-02082', 'JANRY MARK SANCHEZ', 'BC-VKLYM', 'BSIT', '2017-10-05 13:18:09'),
('2016-02084', 'THERESE NIñA MARANGA', 'BC-JJN2C', 'BSIT', '2017-10-05 13:10:11'),
('2017-02092', 'AYANNA JANE G. YAMOMO', 'BC-VMQCC', 'HM', '2017-10-05 13:24:32'),
('2017-02094', 'Jerome Barazon', 'BC-F9VCX', 'BSIT', '2017-10-05 13:36:47'),
('2017-02096', 'ANALYN G. DIZON', 'BC-VCW9N', 'BSIT', '2017-10-05 12:50:30'),
('2017-02101', 'Cazel P. Dapar', 'BC-DCXG3', 'BSIT', '2017-10-05 12:51:49'),
('2017-02102', 'JESSA SALDUA', 'BC-SRD33', 'BSIT', '2017-10-05 13:27:23'),
('2017-02104', 'FLORDELIZA REYES', 'BC-GTY7D', 'HM', '2017-10-05 13:18:53'),
('2017-02110', 'ANTONETTE CINCO', 'BC-F2Z3X', 'HM', '2017-10-05 12:52:57'),
('2017-02113', 'Godinez Queenie D.', 'BC-DQGHR', 'HM', '2017-10-05 13:29:39'),
('2017-02114', 'Allen Joy S. Medallo', 'BC-F5LYS', 'HM', '2017-10-05 12:51:35'),
('2017-02115', 'RITZ PERLYN D. LAVAREZ', 'BC-JGGW4', 'HM', '2017-10-05 13:28:01'),
('2017-02117', 'Karen Joyce S. Medallo', 'BC-LGQKQ', 'DBM', '2017-10-05 13:30:43'),
('2017-02118', 'SHARRYLYN ALEGRE', 'BC-SHF9C', 'HM', '2017-10-05 12:51:34'),
('2017-02120', 'JAQUILOU D. SENARLO', 'BC-GPSX4', 'HM', '2017-10-05 13:30:37'),
('2017-02123', 'GOMEZ, CARMEL CHIN C.', 'BC-GD4DM', 'HM', '2017-10-05 13:31:07');

-- --------------------------------------------------------

--
-- Table structure for table `student1`
--

CREATE TABLE IF NOT EXISTS `student1` (
  `StdId` varchar(60) NOT NULL,
  `StdName` varchar(60) NOT NULL,
  `StdCode` varchar(25) NOT NULL,
  `StdCourse` varchar(20) NOT NULL,
  `TimeIn` datetime NOT NULL,
  PRIMARY KEY (`StdId`)
) ENGINE=InnoDB DEFAULT CHARSET=latin1;

--
-- Dumping data for table `student1`
--

INSERT INTO `student1` (`StdId`, `StdName`, `StdCode`, `StdCourse`, `TimeIn`) VALUES
('2010-00102', 'KHAREN PONCE', 'BC-KBT39X', 'DTE', '2017-10-05 17:02:18'),
('2011-00603', 'NINA POSTRERO', 'BC-3TJHFR', 'BSIT', '2017-10-05 16:12:27'),
('2012-00755', 'QUEEN LIE AMONTOS', 'BC-65QX6N', 'MASSCOM', '2017-10-05 16:22:12'),
('2012-00828', 'MONDONEDO, ALIFA KRISTEL', 'BC-28VPJ8', 'MASSCOM', '2017-10-05 16:43:56'),
('2012-00894', 'CORTES, NICK JOSE L.', 'BC-H2MHC6', 'BSIT', '2017-10-05 17:01:30'),
('2013-01056', 'VILLALUNA VINCENT', 'BC-2F7W49', 'BSIT', '2017-10-05 17:11:54'),
('2013-01116', 'GIRLIE N. LABE', 'BC-4362R8', 'HM', '2017-10-05 16:22:21'),
('2013-01117', 'CAMILLE I. LLEMIT', 'BC-T8HZJF', 'DBM', '2017-10-05 16:26:02'),
('2013-01119', 'PANILAGAO VICTORIA', 'BC-FPNYCB', 'DTE', '2017-10-05 16:53:10'),
('2013-01128', 'Jean Cleo Canoy', 'BC-4YFMGC', 'DTE', '2017-10-05 16:57:09'),
('2013-01134', 'Amberry Clinton Cuico', 'BC-MVMHTS', 'BSIT', '2017-10-05 16:57:51'),
('2013-01157', 'GORRES, MARY GRACE C.', 'BC-KQWCBZ', 'DTE', '2017-10-05 16:56:34'),
('2013-01172', 'RAMIL BASILIOTE', 'BC-N99LBN', 'DTE', '2017-10-05 17:07:00'),
('2013-01182', 'Gabrielle Solamo', 'BC-D3GXV5', 'HM', '2017-10-05 16:12:36'),
('2013-01204', 'Angel A. Masong', 'BC-PJZCR4', 'DTE', '2017-10-05 17:07:14'),
('2013-01232', 'JESSER ROSACEÑA', 'BC-GHXTBQ', 'DTE', '2017-10-05 17:00:27'),
('2013-01235', 'JANNETH PUSA', 'BC-PRJ9VJ', 'DBM', '2017-10-05 16:40:08'),
('2013-01264', 'NEVIE ALOYAN', 'BC-FGRNQY', 'DTE', '2017-10-05 16:35:31'),
('2013-01294', 'Faith Krsna Degamon', 'BC-68VYPZ', 'BSIT', '2017-10-05 17:03:05'),
('2013-01304', 'ABIGAIL MARIE V. BORINAGA', 'BC-4W9RXZ', 'DBM', '2017-10-05 16:53:56'),
('2013-01306', 'BEREZO, JULIE ANN', 'BC-7F54M4', 'DTE', '2017-10-05 16:15:01'),
('2014-01331', 'AGUILAR, NINO EDCEL', 'BC-WHP7GN', 'HM', '2017-10-05 16:31:11'),
('2014-01334', 'VILLAMOR, MARY GRACE D.', 'BC-3FL9D5', 'BSIT', '2017-10-05 17:03:51'),
('2014-01335', 'Carolino D. Villarta Jr.', 'BC-3BX2ZP', 'BSIT', '2017-10-05 17:02:18'),
('2014-01340', 'ANNA LIZA C. TUMULAK', 'BC-SM2R72', 'DTE', '2017-10-05 16:36:01'),
('2014-01342', 'GERLYN MAOY', 'BC-D877WL', 'DTE', '2017-10-05 16:36:02'),
('2014-01354', 'FIJIKARL L. AMISTOSO', 'BC-VXHB5W', 'HM', '2017-10-05 16:30:20'),
('2014-01356', 'KERWIN INOT', 'BC-7V8ZBS', 'BSIT', '2017-10-05 17:01:36'),
('2014-01358', 'Mary Grace Sellano ', 'BC-PLBZKF', 'DBM', '2017-10-05 16:34:15'),
('2014-01361', 'DIOSO, VANESSA MAE R.', 'BC-48LXM4', 'DBM', '2017-10-05 16:38:29'),
('2014-01363', 'Belarmino, Jamiel L.', 'BC-2LM6RV', 'BSIT', '2017-10-05 17:12:32'),
('2014-01373', 'STEVAN NEMEÑO', 'BC-FQLL64', 'DBM', '2017-10-05 16:37:52'),
('2014-01379', 'HONEYJANE VILLACORTA', 'BC-25BCZC', 'DBM', '2017-10-05 16:38:25'),
('2014-01380', 'ERON', 'BC-V2KK5N', 'DTE', '2017-10-05 16:36:39'),
('2014-01381', 'MARY TRIS LABARADOR', 'BC-HZDBS2', 'HM', '2017-10-05 16:32:36'),
('2014-01384', 'MANATAD LORIE MEA', 'BC-3QF4SJ', 'BSIT', '2017-10-05 16:33:15'),
('2014-01386', 'SUMARAGO, LYNN', 'BC-WF4M2Q', 'BSIT', '2017-10-05 16:17:41'),
('2014-01390', 'REYMART L. INOT', 'BC-3FV4LS', 'DBM', '2017-10-05 16:40:50'),
('2014-01391', 'VINNA ROSACEÑA', 'BC-SN5FVB', 'DTE', '2017-10-05 16:14:05'),
('2014-01395', 'BERNADETTE W. HERNANDEZ', 'BC-27TFSG', 'DBM', '2017-10-05 16:52:59'),
('2014-01399', 'Melvin Baybayanon', 'BC-MS9W5L', 'BSIT', '2017-10-05 16:57:21'),
('2014-01409', 'SHENNA MAE JARINA', 'BC-VTGLP3', 'DTE', '2017-10-05 17:06:35'),
('2014-01411', 'KRISTAL JANE A. TAC-AL', 'BC-FKXBS5', 'BSIT', '2017-10-05 16:18:12'),
('2014-01413', 'ARIANNE F. PEDRANO', 'BC-VWFKDP', 'DTE', '2017-10-05 16:38:51'),
('2014-01414', 'BALOGBOG, JELHIE DAWN B.', 'BC-PSPKVQ', 'DBM', '2017-10-05 16:46:02'),
('2014-01420', 'JULIE ANNE E COSIDO', 'BC-H7TXJH', 'HM', '2017-10-05 16:32:03'),
('2014-01426', 'Roxan Del Preda', 'BC-MSWTCJ', 'BSIT', '2017-10-05 16:56:42'),
('2014-01437', 'GISELLE FE COMPAHINAY', 'BC-3GTD7C', 'DBM', '2017-10-05 17:13:08'),
('2014-01438', 'FATIMA GRACE L. BONTILAO', 'BC-69SHX8', 'DBM', '2017-10-05 16:39:30'),
('2014-01440', 'MOJADO, JUDY-ANN T.', 'BC-3M36FH', 'DTE', '2017-10-05 16:34:51'),
('2014-01444', 'MARJORIE SUPILANAS ', 'BC-V5JXCN', 'DTE', '2017-10-05 16:14:11'),
('2014-01447', 'AQUILA MARIE P. MERCADER', 'BC-FH4TWS', 'DTE', '2017-10-05 16:38:15'),
('2014-01451', 'CATUBIG, KEYSHA ANN', 'BC-3NZMR5', 'DTE', '2017-10-05 16:55:37'),
('2014-01455', 'GERALDINE S. COSIDO', 'BC-HT3HDW', 'DTE', '2017-10-05 17:03:12'),
('2014-01460', 'JENNIFER CASTULO', 'BC-3PQY8V', 'DBM', '2017-10-05 16:31:23'),
('2014-01462', 'LIMOSNERO PAUL CHRISTOPHER', 'BC-FCPS75', 'HM', '2017-10-05 16:32:09'),
('2014-01464', 'BRIONES, RHAZEL N.', 'BC-HPQ6SD', 'DTE', '2017-10-05 16:54:41'),
('2014-01469', 'MICHELLE P. ENGAY', 'BC-TTCTWR', 'DBM', '2017-10-05 16:41:33'),
('2014-01472', 'Carpina, Sepril Mae P.', 'BC-PH36LG', 'DTE', '2017-10-05 16:54:53'),
('2014-01478', 'NULLA PAUL VINCENT Y', 'BC-PT44T3', 'HM', '2017-10-05 16:33:23'),
('2014-01479', 'Vanissa Naparate', 'BC-H4QFY8', 'HM', '2017-10-05 16:30:37'),
('2014-01481', 'MAE JOY MALUNJAO', 'BC-H36DN6', 'HM', '2017-10-05 16:27:57'),
('2014-01483', 'Maria C. Palabrica', 'BC-3HWFP9', 'DTE', '2017-10-05 17:05:12'),
('2014-01489', 'Christian S, Mesias', 'BC-RXPMGY', 'BSIT', '2017-10-05 17:01:03'),
('2014-01500', 'PIA, DENDE', 'BC-7CCP5G', 'DTE', '2017-10-05 16:36:49'),
('2014-01502', 'KIMVERLY P. PIOGO', 'BC-FLSFHL', 'DTE', '2017-10-05 16:37:36'),
('2014-01507', 'RHEA MAHUSAY ', 'BC-PDNWPJ', 'DBM', '2017-10-05 16:35:15'),
('2014-01511', 'ALMUALLAS, CRESILDA', 'BC-3KX8TS', 'DTE', '2017-10-05 16:53:58'),
('2014-01512', 'CLER JESPER BLASE', 'BC-HZPH8Q', 'BSIT', '2017-10-05 16:59:39'),
('2014-01515', 'ANDALES MARK T.', 'BC-PG9LYQ', 'DBM', '2017-10-05 16:34:31'),
('2014-01523', 'Jackelyn A. Pulgo', 'BC-29XJBQ', 'DBM', '2017-10-05 16:52:08'),
('2014-01527', 'SABAL B. LOVELY', 'BC-KJSDVX', 'DBM', '2017-10-05 17:00:22'),
('2014-01528', 'Ponce Jimmy', 'BC-3Y9DBS', 'HM', '2017-10-05 16:33:06'),
('2014-01532', 'Joshua Alex Batayola', 'BC-3WNR9J', 'BSIT', '2017-10-05 17:03:44'),
('2014-01540', 'Jose Rey Sarabosing', 'BC-MYNCKT', 'BSIT', '2017-10-05 16:58:24'),
('2014-01544', 'Mel Rose Makig-angay', 'BC-PBG834', 'BSIT', '2017-10-05 17:03:02'),
('2014-01552', 'JESSA JAYLO', 'BC-PXJSX6', 'HM', '2017-10-05 16:29:38'),
('2014-01553', 'JESSELYN RONOLO', 'BC-7FXK5K', 'HM', '2017-10-05 16:28:57'),
('2014-01558', 'Palo, Rey Vincent V.', 'BC-PB5WYP', 'BSIT', '2017-10-05 17:04:27'),
('2014-01569', 'Cristo Rey E. Codoy', 'BC-KC9KBJ', 'BSIT', '2017-10-05 16:56:09'),
('2014-01572', 'JAY BAYARCAL', 'BC-HTDW3N', 'BSIT', '2017-10-05 17:25:46'),
('2014-01573', 'Lea Joy Ceballos', 'BC-5GW9PJ', 'DBM', '2017-10-05 16:53:16'),
('2014-01576', 'dagatan princess nina', 'BC-JXKMLM', 'DTE', '2017-10-05 17:04:28'),
('2014-01587', 'CHRISTIAN BRYAN RAY M RAMON', 'BC-V7PDWH', 'HM', '2017-10-05 16:25:37'),
('2014-01626', 'CHUCKIE J. TANGO-AN', 'BC-KTGTW2', 'DBM', '2017-10-05 16:56:36'),
('2014-01635', 'Raphael Philip R. Pedraza', 'BC-MWJ43N', 'BSIT', '2017-10-05 16:58:07'),
('2014-01636', 'Niño Argie Tejero', 'BC-VHV5Z4', 'DTE', '2017-10-05 16:43:03'),
('2014-10497', 'January love arib', 'BC-3H2QLV', 'DBM', '2017-10-05 16:34:42'),
('2015-01648', 'Carmel Fuentes', 'BC-FFB8DW', 'DBM', '2017-10-05 16:48:11'),
('2015-01650', 'April Grace P. Berezo', 'BC-4MCZ86', 'DBM', '2017-10-05 16:50:49'),
('2015-01651', 'LICCA FAITH GUMAOD', 'BC-P3Y9JW', 'DBM', '2017-10-05 17:06:05'),
('2015-01655', 'Salvacion, Sharomaine P.', 'BC-VCVPSL', 'BSIT', '2017-10-05 16:40:53'),
('2015-01661', 'Jonel lactuan', 'BC-PGTP2X', 'DBM', '2017-10-05 16:58:41'),
('2015-01666', 'ANN SYDNEY S. BARSAGAS', 'BC-N9RTBZ', 'BSIT', '2017-10-05 16:46:31'),
('2015-01667', 'yvone grace pradilla', 'BC-VC685D', 'BSIT', '2017-10-05 16:45:55'),
('2015-01675', 'Melody Salibongcogon', 'BC-P2JY7S', 'DBM', '2017-10-05 16:54:50'),
('2015-01676', 'TIMCANG, AUGUST DOVI', 'BC-7R4QJG', 'DTE', '2017-10-05 16:15:49'),
('2015-01678', 'Cherry Lou P. Yaun', 'BC-TYV75J', 'DBM', '2017-10-05 16:47:51'),
('2015-01686', 'MERLIZA AQUE', 'BC-PN6M7N', 'DBM', '2017-10-05 16:55:39'),
('2015-01697', 'CLEO AUGUSTO', 'BC-7P5DT2', 'DTE', '2017-10-05 16:27:35'),
('2015-01698', 'TORREJOS EDWIN P.', 'BC-W7H7SD', 'DTE', '2017-10-05 17:05:42'),
('2015-01699', 'ELIZAMAE M. LAPAZ', 'BC-7JDMZ7', 'DTE', '2017-10-05 16:28:16'),
('2015-01700', 'SAMANTHA FE L. PALLER', 'BC-N53D7S', 'BSIT', '2017-10-05 16:40:17'),
('2015-01701', 'ZARAGOZA, RUTCHIELLE FAE N.', 'BC-T9QDHB', 'DBM', '2017-10-05 16:39:23'),
('2015-01703', 'ALVAREZ,GIAN KYLE', 'BC-KNN9F4', 'BSIT', '2017-10-05 16:49:55'),
('2015-01705', 'LORIE MAE B. MANILAG', 'BC-K79LW9', 'DTE', '2017-10-05 16:55:43'),
('2015-01708', 'VIDA ENA ECO', 'BC-KVLHHJ', 'MASSCOM', '2017-10-05 16:42:54'),
('2015-01714', 'LAPE, GERALDINE', 'BC-5DG57X', 'DBM', '2017-10-05 16:50:55'),
('2015-01715', 'JECELYN DEL CASTILLO', 'BC-KV5NVH', 'DTE', '2017-10-05 17:05:10'),
('2015-01724', 'BARCELONA, RHEA JANE G.', 'BC-PV86RY', 'DTE', '2017-10-05 16:15:37'),
('2015-01729', 'Comporal, Cris Mishel', 'BC-D6Q7J2', 'DBM', '2017-10-05 16:50:40'),
('2015-01731', 'POTICAR, NADINE ASHLEY A.', 'BC-N7Y5C9', 'BSIT', '2017-10-05 16:45:16'),
('2015-01733', 'CHERRY MAY VELORIA', 'BC-3J3P94', 'BSIT', '2017-10-05 16:47:27'),
('2015-01734', 'PARDO CRISTINE', 'BC-VQV82V', 'DBM', '2017-10-05 16:22:16'),
('2015-01736', 'BATILLER, JOYCE NICA L.', 'BC-3SPSGC', 'DTE', '2017-10-05 16:16:21'),
('2015-01738', 'Lovella Branzuela Z.', 'BC-D4Y9ZY', 'BSIT', '2017-10-05 16:40:10'),
('2015-01739', 'BRANZUELA, LOURDES Z.', 'BC-KLDRPZ', 'BSIT', '2017-10-05 16:47:57'),
('2015-01744', 'ELLAH MARIE VALLEJOS', 'BC-V596XW', 'DBM', '2017-10-05 17:00:02'),
('2015-01753', 'LEAH NACUA', 'BC-7GNCD6', 'HM', '2017-10-05 16:24:41'),
('2015-01754', 'ANNIE R. POJENO', 'BC-GYRZFN', 'DBM', '2017-10-05 16:18:32'),
('2015-01756', 'BARBADILLO EMILY H.', 'BC-P2RPBX', 'DTE', '2017-10-05 16:14:58'),
('2015-01766', 'VILLENA, CHRISTINE M.', 'BC-WCK65V', 'DTE', '2017-10-05 16:26:55'),
('2015-01778', 'PERAS, SYRRA O.', 'BC-PBN8BD', 'DTE', '2017-10-05 16:25:21'),
('2015-01786', 'MARIA FE RIVERA', 'BC-7LY7BR', 'DTE', '2017-10-05 16:36:58'),
('2015-01793', 'SARAH JANE S. SANOY', 'BC-KM724Z', 'BSIT', '2017-10-05 16:49:51'),
('2015-01795', 'Bercero,L.Dave', 'BC-YG75CV', 'BSIT', '2017-10-05 17:08:05'),
('2015-01796', 'RIZALIE MONGAYA', 'BC-69KYK8', 'HM', '2017-10-05 16:24:04'),
('2015-01798', 'ANA LIZA BIRAO', 'BC-7TDHP2', 'DBM', '2017-10-05 16:49:49'),
('2015-01806', 'CYRUS JOHN A. ESPINOSA', 'BC-G42KVS', 'DTE', '2017-10-05 16:35:24'),
('2015-01807', 'lykha jean abellanosa ', 'BC-VVPW9M', 'HM', '2017-10-05 16:23:10'),
('2015-01809', 'CHAVEZE, EZEKIEL KAI E.', 'BC-KQ2624', 'MASSCOM', '2017-10-05 16:42:15'),
('2015-01812', 'MATOY, MAE KAREN B.', 'BC-FNNR4L', 'BSIT', '2017-10-05 16:47:22'),
('2015-01820', 'MARIA CLEOFE FABRIQUE', 'BC-VQ7SB2', 'DTE', '2017-10-05 16:23:53'),
('2015-01824', 'CHRISTY PATALINGHUG', 'BC-GTFHR7', 'BSIT', '2017-10-05 16:19:08'),
('2015-01830', 'Melchizedek gaffud', 'BC-GW4F2G', 'DBM', '2017-10-05 16:21:14'),
('2015-01839', 'MARK OPO', 'BC-N7JW59', 'DBM', '2017-10-05 16:49:15'),
('2015-01845', 'ORWELA HILONGOS', 'BC-3VTQHM', 'DTE', '2017-10-05 16:36:13'),
('2015-01847', 'JOHN PATRIC GUTIERREZ', 'BC-KS2JCN', 'DBM', '2017-10-05 17:06:10'),
('2015-01853', 'Jose, Georey', 'BC-PQDKPQ', 'BSIT', '2017-10-05 16:33:46'),
('2015-01856', 'BIENVINIDO CANANGGA', 'BC-VFG462', 'MASSCOM', '2017-10-05 16:41:38'),
('2015-01864', 'mel alexa marie montajes', 'BC-4VJZ6K', 'BSIT', '2017-10-05 16:43:57'),
('2015-01865', 'HANNAH ELAINE O. VELASQUEZ', 'BC-KTSW23', 'MASSCOM', '2017-10-05 16:43:10'),
('2015-01866', 'Rosales, Rose Lene', 'BC-VR5Z5W', 'DTE', '2017-10-05 16:23:04'),
('2015-01868', 'ARANAS, CHESLINE M.', 'BC-8M6FGK', 'BSIT', '2017-10-05 16:51:36'),
('2015-01874', 'CHRISTINE JEAN CUIZON', 'BC-HR28ZN', 'DTE', '2017-10-05 16:24:33'),
('2015-01887', 'LANCER ARCENAL', 'BC-4YYKFF', 'BSIT', '2017-10-05 16:44:32'),
('2015-01890', 'DINA A. ROMA', 'BC-VRJQ6F', 'DTE', '2017-10-05 16:20:32'),
('2015-01903', 'Dixie A. Roma', 'BC-D3TZZ2', 'BSIT', '2017-10-05 16:12:39'),
('2015-01913', 'NAVARRO, JESSA M.', 'BC-VZPB6K', 'DTE', '2017-10-05 16:13:31'),
('2015-01914', 'OPALLA, CHERRY MAE', 'BC-26P4HY', 'BSIT', '2017-10-05 16:45:54'),
('2015-01920', 'Philgrace Tinaja', 'BC-FKDGK7', 'DBM', '2017-10-05 16:37:51'),
('2015-01924', 'DIANE ERIKA BOOK', 'BC-R2D3Z7', 'DBM', '2017-10-05 16:19:01'),
('2015-01927', 'URSAL, ANTONIETTE KIM', 'BC-FB8BNN', 'BSIT', '2017-10-05 16:45:19'),
('2015-01932', 'BUENO,EMELYN R.', 'BC-SFPM7V', 'MASSCOM', '2017-10-05 16:18:54'),
('2015-01943', 'MERME GEVEROLA', 'BC-WJXQ9R', 'DBM', '2017-10-05 16:20:13'),
('2015-01944', 'HERNANTE LAURON', 'BC-FRLRLM', 'DBM', '2017-10-05 17:07:41'),
('2015-01951', 'Napeñas, Edfel Dave', 'BC-T7DX8V', 'BSIT', '2017-10-05 16:59:05'),
('2015-01952', 'BREZO SHIEN M.', 'BC-3YV38T', 'DTE', '2017-10-05 16:16:46'),
('2015-01953', 'chrisjohn colina', 'bc-svytmp', 'BSIT', '2017-10-05 16:45:20'),
('2015-01964', 'TORRES, REGEL', 'BC-VCC9WL', 'BSIT', '2017-10-05 16:51:29'),
('2015-01973', 'Michael Cosep Projimo', 'BC-VGM8ZL', 'DBM', '2017-10-05 16:42:19'),
('2015-01974', 'DIAGO, RHEALYN MAE', 'BC-3Q3KRX', 'DBM', '2017-10-05 16:46:56'),
('2015-01977', 'LYRA MAE DESAMPARADO', 'BC-RZ62T6', 'DBM', '2017-10-05 16:19:54'),
('2015-01983', 'MARVIN', 'BC-GDWFTP', 'BSIT', '2017-10-05 16:52:25'),
('2015-01991', 'JOSEPH BACALLA', 'BC-T9DHKV', 'DTE', '2017-10-05 16:48:54'),
('2015-01993', 'MARY JANE OACAN', 'BC-V9QX79', 'HM', '2017-10-05 16:13:24'),
('2015-01996', 'LEA JANE DESAMPARADO', 'BC-D28Q3D', 'BSIT', '2017-10-05 16:44:32'),
('2015-02000', 'Vanessa Villadolid', 'BC-SP52C8', 'DBM', '2017-10-05 16:21:31'),
('2015-02006', 'Harlie Mae Granada', 'BC-7DFBX7', 'DBM', '2017-10-05 16:20:58'),
('2015-02014', 'OYAO,MIGUEL JR.T', 'BC-PNX9CC', 'DBM', '2017-10-05 17:02:24'),
('2015-02020', 'LORIE ANN BUFETE', 'BC-68M879', 'DTE', '2017-10-05 16:14:21'),
('2015-02028', 'MERRY MEILA GAMO ', 'BC-N8YVQS', 'BSIT', '2017-10-05 16:48:25'),
('2015-02034', 'DEVORAH MAE ROSTATA', 'BC-66K2QX', 'DBM', '2017-10-05 16:21:22'),
('2015-02037', 'MARCELYN t. DAGALA', 'BC-R9NXCD', 'DBM', '2017-10-05 16:18:26'),
('2015-07102', 'ma. isabel bunal', 'BC-D7RYQR', 'BSIT', '2017-10-05 16:46:34'),
('2015-09135', 'Zenaida Bragat', 'BC-H5YRTQ', 'HM', '2017-10-05 16:26:29'),
('2015-1955', 'REX', 'BC-GKMMRX', 'BSIT', '2017-10-05 16:51:55'),
('2016-02045', 'ALEXIS GIAN HERRY', 'BC-D98YQT', 'DTE', '2017-10-05 16:37:13'),
('2016-02049', 'DIANE CALINAWAN', 'BC-3RY6T6', 'DBM', '2017-10-05 16:44:47'),
('2016-02050', 'Fretzhie-Ann Ello', 'BC-D34GF7', 'DTE', '2017-10-05 16:13:24'),
('2016-02053', 'ARCILLO, KRYSTELLE M.', 'BC-VB8GDZ', 'BSIT', '2017-10-05 16:52:25'),
('2016-02058', 'Laarnie Bufete', 'BC-5HK47S', 'DBM', '2017-10-05 16:53:56'),
('2016-02064', 'cristy mae justo', 'BC-43NBMM', 'DBM', '2017-10-05 16:44:02'),
('2016-02070', 'SHEILA MAE ESTOBIO', 'BC-G6LB8B', 'BSIT', '2017-10-05 16:33:53'),
('2016-02075', 'joseph lasdoce', 'BC-9DK8ZS', 'BSIT', '2017-10-05 16:59:29'),
('2016-02082', 'JANRY MARK SANCHEZ', 'BC-HMB9B6', 'BSIT', '2017-10-05 16:59:03'),
('2016-02084', 'THERESE NIñA MARANGA', 'BC-V9B6VM', 'MASSCOM', '2017-10-05 16:42:33'),
('2017-01794', 'JETRO RYAN  R.BOJOS', 'BC-SC8223', 'DBM', '2017-10-05 16:19:55'),
('2017-02092', 'AYANNA JANE YAMOMO', 'BC-V4YYTB', 'HM', '2017-10-05 16:25:28'),
('2017-02094', 'JEROME A. BARASZON', 'BC-R8NS3S', 'HM', '2017-10-05 16:17:40'),
('2017-02096', 'ANALYN G. DIZON', 'BC-SQRSM5', 'HM', '2017-10-05 16:15:03'),
('2017-02099', 'PETALCORIN, JONALYN S.', 'BC-V2N8TT', 'HM', '2017-10-05 16:29:11'),
('2017-02101', 'Cazel P. Dapar', 'BC-JDJK2T', 'HM', '2017-10-05 16:27:43'),
('2017-02102', 'JESSA SALDUA', 'BC-R2XT5W', 'HM', '2017-10-05 16:16:39'),
('2017-02104', 'FLORDELIZA REYES', 'BC-G56DXQ', 'HM', '2017-10-05 16:15:47'),
('2017-02106', 'MICHELLE PANILAGAO', 'BC-V3M7WC', 'BSIT', '2017-10-05 17:04:38'),
('2017-02108', 'ACASO, ANGELICA B.', 'BC-JCRR92', 'HM', '2017-10-05 16:24:23'),
('2017-02110', 'ANTONETTE CINCO', 'BC-7M4TJ2', 'HM', '2017-10-05 16:26:54'),
('2017-02113', 'Godinez , Queenie D.', 'BC-H9ZGLR', 'BSIT', '2017-10-05 16:29:38'),
('2017-02114', 'ALLEN JOY S. MEDALLO', 'BC-JHBJJD', 'HM', '2017-10-05 16:31:07'),
('2017-02115', 'RITZ PERLYN D. LAVAREZ', 'BC-GSZ888', 'HM', '2017-10-05 16:17:29'),
('2017-02117', 'MEDALLO, KAREN JOYCE S.', 'BC-TVBX97', 'HM', '2017-10-05 16:31:50'),
('2017-02118', 'ALEGRE, SHARRYLYN', 'BC-TNQTM9', 'HM', '2017-10-05 16:32:40'),
('2017-02119', 'RIVERA, STELLA M.', 'BC-RWF3LX', 'HM', '2017-10-05 16:30:01'),
('2017-02120', 'JAQUILOU D. SENARLO', 'BC-H9HQGR', 'HM', '2017-10-05 16:23:21'),
('2017-02123', 'GOMEZ, CARMEL CHIN C.', 'BC-TR8GD9', 'HM', '2017-10-05 16:28:43');

/*!40101 SET CHARACTER_SET_CLIENT=@OLD_CHARACTER_SET_CLIENT */;
/*!40101 SET CHARACTER_SET_RESULTS=@OLD_CHARACTER_SET_RESULTS */;
/*!40101 SET COLLATION_CONNECTION=@OLD_COLLATION_CONNECTION */;
